Price,Close,High,Low,Open,Volume
Ticker,RELIANCE.NS,RELIANCE.NS,RELIANCE.NS,RELIANCE.NS,RELIANCE.NS
Date,,,,,
2016-04-22,227.65846252441406,229.53195972592485,225.54392161353195,227.66941839177974,11705087
2016-04-25,222.8267822265625,228.86364076735003,221.81881315850842,228.86364076735003,61157544
2016-04-26,222.83773803710938,224.36064750633798,220.76702056384593,222.49810614355022,26429236
2016-04-27,223.3745880126953,224.80985052776592,222.62957440025272,223.0459119898499,14502641
2016-04-28,218.40049743652344,223.33076953535365,217.14052877213814,222.191330042699,61949033
2016-04-29,215.332763671875,218.80587606630152,214.4891326183518,217.68833369750698,23479680
2016-05-02,216.26402282714844,217.45824153721475,214.30286420299032,214.5219815342593,10620873
2016-05-03,213.82083129882812,218.01704599332163,213.15250868657048,216.49413637518657,17571826
2016-05-04,214.3247833251953,215.5518696772571,213.20725564254516,213.43732884830962,13546285
2016-05-05,213.7002716064453,215.49707756019455,212.74708198445174,214.74110815876938,21665684
2016-05-06,212.31979370117188,214.039908632438,211.89250027816306,213.2072481468575,14748329
2016-05-09,215.42041015625,216.05586509826418,213.16344294305327,213.64551574014283,15347096
2016-05-10,215.2998809814453,215.77099787902188,214.30286785254208,215.42039551569562,7248302
2016-05-11,213.73316955566406,214.90547666995272,212.54989194620143,212.9443178160223,12339923
2016-05-12,217.5458984375,217.85267734265813,213.65646323798853,213.86462471223183,12786216
2016-05-13,214.3357391357422,217.0528672730645,213.64550489130477,216.7022649037138,14648291
2016-05-16,213.8536834716797,215.28894603739437,212.79093503899387,214.08375669578973,9327335
2016-05-17,212.36363220214844,215.4204069516321,211.7500890042506,214.79590788640263,12157600
2016-05-18,212.67041015625,213.09768898025803,211.25705939486033,211.65148524434775,8228838
2016-05-19,208.43035888671875,212.9662196095892,207.20327249048017,212.9223961402468,9134784
2016-05-20,204.70526123046875,209.1534750065956,204.08076216614526,208.60566701348233,18544619
2016-05-23,203.78492736816406,206.1295559751392,202.8317377120166,205.39548365266916,18365734
2016-05-24,206.07479858398438,206.85267982869118,203.35765559311855,203.35765559311855,12283217
2016-05-25,208.43035888671875,208.78096126878384,206.22817104296016,208.1345504686578,9240115
2016-05-26,207.4771728515625,208.69331802934883,206.8745855100975,208.16742176059233,14190024
2016-05-27,213.5797576904297,214.06183046897164,207.89350177891004,207.9592369813486,13401594
2016-05-30,212.2650146484375,215.06978962709746,211.45425126757416,213.95226198226166,9633652
2016-05-31,209.88754272460938,213.20727307042165,209.59173429301813,212.33077438883083,23332727
2016-06-01,208.9562530517578,211.69530762215885,208.56184183162978,209.90944275505268,9042808
2016-06-02,209.53692626953125,209.73414650468828,207.09370939654212,209.15347092097073,10253825
2016-06-03,210.2819366455078,210.9940825740233,209.44926156177382,210.358627708713,8643295
2016-06-06,209.2191925048828,211.0159984745846,208.7261638900718,210.5777491917165,8672842
2016-06-07,209.27401733398438,210.56683910355216,208.518033134168,209.75609018721173,18954268
2016-06-08,209.06581115722656,209.92038336605626,207.98113649872636,209.92038336605626,12135516
2016-06-09,212.80189514160156,213.96324640773136,209.525988208508,210.3586634336542,15643495
2016-06-10,214.01800537109375,215.70526739680625,212.17737583485157,213.42637392632568,16316760
2016-06-13,214.98216247558594,215.49710287910304,211.02697726112706,212.52797500136424,10214469
2016-06-14,213.91940307617188,215.92438524934602,212.39649367901382,214.94928383029816,10923848
2016-06-15,215.7490997314453,216.16542269416254,213.3716033603493,214.7411306723193,11129082
2016-06-16,213.9303741455078,215.54093059324074,211.90348009426714,214.9602549728195,9372207
2016-06-17,213.62362670898438,214.4453461693306,212.57183399104545,214.08378785149878,10534878
2016-06-20,216.97616577148438,217.50206198656056,212.11162943886092,213.02098097833903,10758608
2016-06-21,216.29690551757812,217.84172669278004,214.67539327108142,217.83077082545222,13933068
2016-06-22,214.85069274902344,216.03395570592608,214.10566449665765,215.8367500888845,12788710
2016-06-23,214.83973693847656,215.17936883458282,212.54988747003043,214.73017826231325,9837526
2016-06-24,208.48512268066406,211.4323385381779,204.52995247609346,211.4323385381779,24985097
2016-06-27,209.4054412841797,210.00802856014474,206.08572601954,206.08572601954,9163399
2016-06-28,209.8765869140625,210.69830625669405,209.26304368771218,209.5698226145508,7604977
2016-06-29,211.87059020996094,212.31979536961168,210.35863673137752,210.79688602438614,7523987
2016-06-30,212.36363220214844,214.19332055583646,211.90347114689354,212.9881312673779,12758283
2016-07-01,213.3058624267578,214.03992015284405,212.54987833905426,213.15248028671834,6610193
2016-07-04,216.20925903320312,217.7212127118872,213.75508607127585,213.75508607127585,7803505
2016-07-05,217.6116485595703,219.7590571609281,214.80687326189064,216.07778318326805,11359882
2016-07-07,216.4722137451172,219.23316563138806,216.08874373589626,217.48018286074938,12029091
2016-07-08,214.39051818847656,216.7132204856403,213.9413130172721,216.2749858086854,7140617
2016-07-11,217.48016357421875,218.01701568858815,215.94629830068814,217.15147293441723,8266601
2016-07-12,219.86862182617188,220.2192095825254,217.15147895047446,218.08275693294104,9767494
2016-07-13,221.04092407226562,222.78295083064842,220.03295504007122,220.26302825016242,14915296
2016-07-14,220.19729614257812,222.2132342353048,218.7401219095391,220.89850090450767,10758372
2016-07-15,221.796875,223.7251659660884,219.89051039369988,221.09568493384276,13992989
2016-07-18,220.4931182861328,227.61463678538598,219.50706097840077,225.2590521886203,32106850
2016-07-19,223.0240020751953,224.15248568416064,218.09371541901248,220.43834420441036,16649300
2016-07-20,224.16343688964844,225.32478807701338,222.7500861272933,223.49511435764805,12265316
2016-07-21,220.51502990722656,224.60168541038658,220.21920686412867,224.38255343804434,6711097
2016-07-22,222.3775634765625,223.02397420665318,220.24109644096677,220.4383166589658,6899519
2016-07-25,224.10865783691406,224.3277751829863,220.73414831611845,222.19132254947732,8241568
2016-07-26,224.39352416992188,226.74910892151834,222.45429165608897,224.16345094241404,10516399
2016-07-27,221.99412536621094,224.82081237449123,221.08475909083396,224.17440155171042,11030767
2016-07-28,224.89752197265625,225.806888322935,221.98318778257462,222.39952541753712,15610838
2016-07-29,222.3885498046875,224.57978184384848,221.75308022637645,224.38256159883497,9629597
2016-08-01,221.20526123046875,223.57180166181095,220.23015980345846,223.06781714764807,7978251
2016-08-02,221.9283905029297,223.50607933896524,220.50408381520506,220.87659794557266,7710138
2016-08-03,217.7978973388672,222.2789639734849,217.26104522698256,222.2789639734849,11872282
2016-08-04,217.5897216796875,219.1235869492327,215.4861366960056,218.9044696081516,10187608
2016-08-05,222.6843719482422,223.28695933339728,218.47720149315316,218.68536299131176,12109001
2016-08-08,225.53298950195312,226.57382626597882,223.21027223914086,223.4841835794608,13556347
2016-08-09,225.8507080078125,226.68338326376582,223.72521102150438,225.03995911606313,13290768
2016-08-10,219.92340087890625,226.69431706997543,219.56184262830763,225.97121519610445,13471958
2016-08-11,222.21324157714844,224.13057692751232,219.035952190865,219.55089259836134,14169454
2016-08-12,226.96820068359375,228.52399227011196,222.8486777703889,222.8486777703889,16365425
2016-08-16,224.57977294921875,228.94032511953964,222.52001140342725,227.06682794373526,13367575
2016-08-17,222.0379180908203,225.43432437753373,220.70125853214506,224.4044436998523,15486572
2016-08-18,223.07879638671875,224.30588288570934,222.6295911610184,222.6295911610184,7749690
2016-08-19,222.3885498046875,223.94432689286407,220.67937594209448,223.06782822626903,8177802
2016-08-22,221.72019958496094,223.44032921404937,220.7012746988442,221.75306718597597,6684236
2016-08-23,221.4134063720703,222.41041939387637,220.21917314262336,221.75303820483853,7320433
2016-08-24,223.61563110351562,223.93336588537835,221.53395778862702,221.68733993219632,8719596
2016-08-25,221.90647888183594,225.47819415706164,221.0957154142639,223.7690202799804,14960746
2016-08-26,225.2371368408203,225.87259175882602,222.32278843340234,223.04590491537942,9639663
2016-08-29,231.7122344970703,232.21621898847985,224.84270134971575,225.09470090908314,16193208
2016-08-30,233.67344665527344,234.13359315831752,230.7371859671158,232.7093009180477,18170724
2016-08-31,232.27102661132812,235.33875739986632,229.42241318168823,233.34473092458379,23295502
2016-09-01,225.52203369140625,235.06485846640558,224.75509364017552,230.73717338139502,42621045
2016-09-02,222.04888916015625,226.25605908855616,219.6275694270055,225.93832431960536,28124615
2016-09-06,223.48416137695312,224.60168910959345,222.4104571140378,223.48416137695312,11510431
2016-09-07,222.9911346435547,225.0508962477473,221.98316557651037,223.94432437296902,12927438
2016-09-08,226.4423065185547,227.00108498209235,223.54988453592594,224.17438357318355,12206479
2016-09-09,228.8855438232422,230.05785085989774,225.69729872692147,226.7929146937263,15269894
2016-09-12,229.31283569335938,231.39450894145656,225.5110474370182,225.78494411317527,33684893
2016-09-14,228.9293670654297,232.0518769559346,228.08575067057987,229.641527682277,18604842
2016-09-15,233.36660766601562,234.50604701607628,229.42237877868652,229.42237877868652,31371009
2016-09-16,235.67835998535156,239.68832417292575,232.07377748863263,233.8048629178724,39324529
2016-09-19,237.1793670654297,238.40646805360544,234.68137087565125,235.02100275325975,16678060
2016-09-20,235.382568359375,237.69431488217413,234.25408476638174,237.52997687173615,11531268
2016-09-21,234.9552764892578,237.727184087301,234.24313047856486,235.33874647685846,10943394
2016-09-22,238.61463928222656,240.1156370072581,236.43436314688145,237.31086179893705,18761415
2016-09-23,241.6494903564453,243.10666453937648,238.62558332133827,238.62558332133827,31085948
2016-09-26,242.61363220214844,247.51105091598788,241.09072284088504,241.78095707393052,38213411
2016-09-27,243.3367462158203,246.72221160461515,242.48217393863686,244.76105284756102,19374535
2016-09-28,238.9871368408203,242.7889249798629,238.03394718255126,242.7670132464464,24820234
2016-09-29,234.9990997314453,243.39152821682944,233.89252786678682,239.94034221374443,21260295
2016-09-30,237.46424865722656,239.8417450815078,233.65148968422855,234.02400381284568,11199883
2016-10-03,238.9980926513672,242.77796905610504,235.8317594094729,238.187329260496,18125170
2016-10-04,240.23614501953125,242.85467040972992,239.2829553211116,239.5130431590022,13113580
2016-10-05,238.7132568359375,242.46028075991802,237.92441970221816,241.91247272537404,10789932
2016-10-06,243.4025115966797,246.7879625744269,239.2829735805642,239.2829735805642,21111045
2016-10-07,243.00807189941406,246.0867437705648,242.46026390295623,244.10368789232973,15280380
2016-10-10,240.23614501953125,245.85668040552162,239.7212046352273,244.10368314905867,11553662
2016-10-13,231.6465301513672,238.63656413514386,230.51803185819767,238.62560826707409,21938040
2016-10-14,236.1385498046875,237.09173956819788,232.63256967967394,232.92839274078395,15265659
2016-10-17,232.41346740722656,236.82881411067817,231.99712977199536,236.6535055852857,9826781
2016-10-18,236.89453125,237.2560895145031,232.7202286021685,233.58575678515973,11073137
2016-10-19,238.26402282714844,239.87459375908222,236.96024542084314,237.62856792422673,17073242
2016-10-20,238.307861328125,240.59769600684214,237.54092139472246,239.71024153820724,10125508
2016-10-21,233.1913604736328,240.37861498869248,231.92043584627356,240.37861498869248,43608816
2016-10-24,232.99412536621094,235.33875421129068,232.41344974567096,234.46225553291902,10513017
2016-10-25,232.45726013183594,233.4214056983076,231.00008591494867,233.36662636240877,7658966
2016-10-26,230.9672393798828,232.15051702520236,230.53994589357248,231.4054887343722,10945927
2016-10-27,229.79493713378906,230.9343767033802,228.63358582737223,230.32083344493324,12842476
2016-10-28,231.16445922851562,231.83278181359154,228.72122749224073,230.0797990260395,8127969
2016-11-01,230.29888916015625,231.38354923438905,229.5100374912639,230.36462436134303,10223897
2016-11-02,224.32778930664062,228.51306252606022,223.725201939677,228.1076807829776,7039997
2016-11-03,224.3716278076172,226.73816858934245,223.6375699755637,224.34971607016269,7311872
2016-11-04,220.33973693847656,225.01802391976943,219.12359178665108,223.56084968743372,11535892
2016-11-07,219.37559509277344,222.75009004126457,218.91543403119258,222.19132617234345,9506040
2016-11-08,219.89053344726562,220.37260623932875,218.75107935772692,220.37260623932875,13432073
2016-11-09,220.13156127929688,221.09570685794688,203.7849391661722,208.16741773936974,21640144
2016-11-10,221.40249633789062,225.4672403255488,220.65746807004297,223.19930254580945,9764091
2016-11-11,219.50704956054688,222.95824995809178,218.04987540925788,218.65246270434423,14775330
2016-11-15,215.92437744140625,219.12357825825723,214.6424971649468,218.35665296756568,14487470
2016-11-16,216.17637634277344,218.42240228153716,214.89451061080626,218.0279764304218,16550762
2016-11-17,214.2480926513672,218.7182033902041,213.51402031030526,216.05585458196725,12628378
2016-11-18,216.38453674316406,217.52397611716844,215.17934754264104,215.83672878922638,18163751
2016-11-21,217.2610626220703,217.71025320633922,215.44233003986872,216.39551980260552,13232434
2016-11-22,219.44134521484375,220.8327697343284,217.65548018453205,218.61962584316345,17646355
2016-11-23,221.09571838378906,221.4244090477947,219.02500084340545,220.21921969799195,13107911
2016-11-24,216.3516845703125,220.33973729101714,215.22320098237498,220.33973729101714,18913793
2016-11-25,217.74310302734375,218.22517580329654,215.69431201370156,216.93235424096343,10454964
2016-11-28,216.19830322265625,219.25507818511412,215.63953932248594,217.58974235269815,8312777
2016-11-29,218.61962890625,220.0658474144601,216.5050877995012,216.7132492987309,9885281
2016-11-30,216.94332885742188,219.11264922303127,216.19830058141181,219.11264922303127,27596098
2016-12-01,218.63055419921875,222.4104452804989,218.02796689523475,219.1235828347194,12627845
2016-12-02,217.97320556640625,220.21921696514627,217.32679474163294,218.22519052473288,12481430
2016-12-05,217.77597045898438,219.05783606720723,216.16539960801623,218.02795538319108,3987213
2016-12-06,220.26304626464844,220.55886932914308,217.9403437301729,218.24710803538363,6726369
2016-12-07,218.9373321533203,220.78891752467385,218.32378898513616,220.00008048767293,4930865
2016-12-08,223.51702880859375,223.90049879572112,220.076784046523,220.23016619044338,8750556
2016-12-09,225.46722412109375,226.10267903753314,223.5718006115034,223.94431471865443,8239158
2016-12-12,225.08377075195312,228.26106019587357,223.6156405764741,223.6156405764741,9023848
2016-12-13,227.84469604492188,228.10765147029963,225.1604355948428,225.25903839411248,10365823
2016-12-14,232.16143798828125,233.2460980295851,227.49410719978505,227.8446949288044,24139260
2016-12-15,230.72618103027344,233.93633776374082,229.78394723166943,230.60566649558177,19331986
2016-12-16,231.6465301513672,232.70927860879075,230.51803185819767,230.51803185819767,14942206
2016-12-19,232.8297882080078,233.7939338323073,231.03296737345144,231.17540828265783,15009634
2016-12-20,231.8108367919922,232.49011514769163,230.77000021160708,231.1096467031194,11688169
2016-12-21,232.98316955566406,233.87062410205024,231.6574802973112,232.29293525698972,20367894
2016-12-22,230.81385803222656,232.8517080299631,230.2879617304664,231.83278303109483,28892834
2016-12-23,231.67938232421875,234.23217255108227,230.51801650419446,230.51801650419446,10265033
2016-12-26,229.52101135253906,233.58575529653402,228.90746813270198,231.03296498034834,15321770
2016-12-27,233.30088806152344,233.8267843064954,229.4223941127765,229.60865847968532,17442849
2016-12-28,230.01402282714844,234.363633634018,229.44430312080814,234.0020753988561,9637310
2016-12-29,233.46522521972656,234.1992975630118,229.97020125719018,230.0797745544613,8772325
2016-12-30,237.1793670654297,237.74910140510195,232.95028537724681,233.32279948323998,15711974
2017-01-02,237.77101135253906,238.84471556704645,234.97717751957185,237.52996765259263,7097888
2017-01-03,238.7132568359375,240.37860730318542,236.8945388419962,238.8118742765638,6434204
2017-01-04,233.83775329589844,239.50209777108125,233.21325421257254,239.48018603578305,10392483
2017-01-05,236.083740234375,236.63154818744917,234.18833144530785,234.68136006580713,8734164
2017-01-06,235.5469207763672,237.74912338755868,235.14153903183325,235.38258275587793,7845839
2017-01-09,236.14947509765625,237.9682074458574,234.68135973208618,235.99609296666463,5228980
2017-01-10,238.81185913085938,239.8088576960903,236.65348010667586,236.65348010667586,11349916
2017-01-11,237.97918701171875,240.0937279659821,237.52998181318367,239.9403458197158,11475958
2017-01-12,237.37660217285156,238.92142340139324,236.6096621787704,238.18735101043043,4371992
2017-01-13,238.932373046875,240.4881501026076,237.65049267666242,237.65049267666242,7234429
2017-01-16,235.83177185058594,239.71025126028096,235.3277873282119,238.83376725026284,12013154
2017-01-17,228.16244506835938,234.02399495866607,227.55985774115555,233.36662829510973,39234251
2017-01-18,226.2560577392578,229.6415229986983,225.42338260117535,228.45824549289813,15867619
2017-01-19,226.50808715820312,229.04992174768148,225.9164410136627,226.8258073398082,15284274
2017-01-20,224.7770233154297,227.32981402153564,224.3606856510212,226.56288853642866,8784907
2017-01-23,222.607666015625,225.91642579269003,221.9283875975284,223.90050227358637,13708502
2017-01-24,225.1056671142578,225.43434312766897,222.84868535220502,222.84868535220502,9419288
2017-01-25,222.91444396972656,226.28893893772917,222.66244438885136,226.13555679209082,23856654
2017-01-27,224.6235809326172,225.4562560382322,223.28692134251415,223.56083263134082,21861796
2017-01-30,228.94033813476562,229.30189640075304,224.55787398087153,224.59074158438614,15678126
2017-01-31,229.02796936035156,230.91243700850686,227.95426513123775,229.3895276015269,15125194
2017-02-01,230.00308227539062,230.2769935935583,226.8367487653081,229.22520104607534,11312284
2017-02-02,228.6554718017578,230.25507229179027,227.50507649336802,230.079778416935,9099129
2017-02-03,226.49710083007812,230.17837448559214,225.71920502852015,229.20327308059305,13219481
2017-02-06,228.25009155273438,228.9622375512274,226.1465065316754,227.23116664395107,9991907
2017-02-07,225.89453125,228.40349825639845,225.0837823590817,228.32680717741016,9905562
2017-02-08,224.63453674316406,227.5050615189368,223.94430252902674,225.89449064040798,16230826
2017-02-09,226.29989624023438,226.57380755793764,224.99611873938824,225.25905956214984,9861688
2017-02-10,225.73016357421875,226.91342646355918,224.7221945566841,226.7929119266927,12518554
2017-02-13,225.6644287109375,226.57379492694608,223.94431370928484,226.35466295953427,8565757
2017-02-14,230.0359344482422,230.71522745061657,225.67538240393077,226.79291008225553,18244623
2017-02-15,230.36463928222656,231.72321074339212,229.03893542378324,230.71524167192365,15236663
2017-02-16,233.9144287109375,234.3417221479759,230.63853673918584,230.63853673918584,19655195
2017-02-17,235.66741943359375,236.2590655221144,231.93136629510505,233.69531943872084,14847356
2017-02-20,235.6455078125,236.40149191079263,233.69531955127553,234.58275942983158,11650581
2017-02-21,238.45030212402344,239.05288946422192,235.13057187818862,235.60168880830594,14186476
2017-02-22,264.5917053222656,265.5010568060167,239.28292409646645,239.50205603859223,127323130
2017-02-23,259.1684265136719,267.76903096665285,258.42339828626336,265.9283867599504,62249698
2017-02-27,271.47222900390625,275.3945172115851,260.8337748164993,260.866627790657,83422197
2017-02-28,271.2859802246094,273.4662710516185,269.1933363399269,269.96027633993856,36111716
2017-03-01,270.50811767578125,272.67743815756904,269.5220602518181,271.7352042077973,24385665
2017-03-02,271.0011291503906,274.93438810018756,268.8756322779892,271.2530994836367,18063590
2017-03-03,275.7779541015625,282.18732577712404,272.05287194972334,272.05287194972334,84305639
2017-03-06,286.032958984375,287.4901331355521,277.24611986522,278.06782449397457,66724743
2017-03-07,285.9453125,290.77698136192043,284.01702145098284,288.9911312073668,42071555
2017-03-08,282.93243408203125,286.54795859991003,281.8149061943482,286.54795859991003,43336972
2017-03-09,281.9572448730469,284.4223878855651,280.80686430363784,282.6694200525015,31094457
2017-03-10,280.8397216796875,283.98415769531164,276.35864072240764,282.72418919033964,24785585
2017-03-14,282.5598449707031,289.0240110547561,281.6285816812974,288.96921709436725,27765035
2017-03-15,285.9453125,288.43236737819194,282.75708215282054,282.8994937926333,24107889
2017-03-16,284.34576416015625,287.13958367402637,283.4582949583472,287.05193672885827,15924023
2017-03-17,285.0140380859375,289.23214899331543,284.4333625460061,286.6136238168241,22727289
2017-03-20,280.6535339355469,286.2302317171409,280.1166817695777,286.1754377491358,12869337
2017-03-21,276.92840576171875,281.33278151653013,275.94234843179726,280.9602820214286,22596181
2017-03-22,276.02996826171875,277.38852495331196,273.14850225480285,274.3427063226667,20291685
2017-03-23,279.01007080078125,279.9413341381721,275.65748768059166,276.78595662717277,11807911
2017-03-24,281.9572448730469,283.10765469710515,277.94728085632715,279.1853376093061,16282523
2017-03-27,274.1455383300781,280.2043234504644,273.2909513769059,278.5280025205822,32452615
2017-03-28,272.9732360839844,276.9722301267818,272.1734138717025,275.65749676752216,21707345
2017-03-29,275.3616943359375,276.09575214330283,270.2561134074738,274.2770194864363,18924345
2017-03-30,278.42938232421875,279.3277926458154,274.5618589984057,275.0000936652086,27862325
2017-03-31,289.44036865234375,293.11068679847307,277.4104746149594,277.4104746149594,45390562
2017-04-03,301.21826171875,302.5001421420652,292.9792150397799,294.06388984135134,44886623
2017-04-05,310.0598449707031,310.7172261901579,302.4124456642534,305.7212049843893,40323877
2017-04-06,315.2093200683594,317.4881992411718,307.25515470066495,308.74518208145594,50620850
2017-04-07,308.21923828125,314.22322914804084,307.3317983939805,311.4403803174322,31875272
2017-04-10,302.6864318847656,312.2292422677198,301.7989626305786,308.96430560354895,30768410
2017-04-11,300.71429443359375,306.8716677610684,300.22126574758386,304.1107012684822,32249647
2017-04-12,296.69329833984375,303.80387460315745,296.06879936637665,303.0040525234934,27448279
2017-04-13,299.0598449707031,300.9442830782796,295.23611629181187,296.69329027517574,12713918
2017-04-17,304.98712158203125,305.79788485816096,299.1036610931448,299.1036610931448,11837502
2017-04-18,300.2431335449219,308.96423721057937,299.5419288427577,306.7620641887551,16016414
2017-04-19,299.9363708496094,302.9493368014956,297.4712275270308,299.98019431958176,11572557
2017-04-20,300.1007080078125,303.88058448922004,298.90647463069365,302.1714399938152,8393496
2017-04-21,307.3208312988281,311.3746189168726,302.0728103519453,302.50010377218473,30230907
2017-04-24,310.5857849121094,314.4423671524225,306.8168496086532,308.75608196859093,25512511
2017-04-25,313.9602966308594,321.6186675605162,312.49218110489363,319.9204641856001,36764315
2017-04-26,310.37762451171875,315.5489403211543,307.3427760328846,314.44238306002876,16763153
2017-04-27,308.85467529296875,312.06484649607376,307.25508956552943,310.4981137400656,12571594
2017-04-28,305.7212829589844,311.22127540721726,304.800960718878,308.90954319273345,11848658
2017-05-02,300.31988525390625,307.2113170814899,299.3886217519409,307.2113170814899,18591411
2017-05-03,300.2212219238281,302.55486534292913,299.1036942992869,301.7112490049999,9500038
2017-05-04,297.55889892578125,302.3029211197685,296.7043120204406,301.29495207199665,14365934
2017-05-05,291.05096435546875,299.61871751963093,290.33881821702005,298.35874865643217,15598448
2017-05-08,289.5499267578125,293.5160679573816,288.8816041883912,291.43439454646835,16066733
2017-05-09,291.51104736328125,292.2341345137093,289.2978746843889,290.11960851003005,21106150
2017-05-10,297.8108825683594,298.79693992560635,291.57683288581313,292.48618454108714,22906024
2017-05-11,297.9095458984375,300.1446017845965,296.17846000901756,298.90654464975034,13783848
2017-05-12,295.91546630859375,298.88457954809815,294.51308600904184,298.0190513852481,7523427
2017-05-15,294.5240173339844,297.21924842162235,292.2013149847593,297.21924842162235,6738085
2017-05-16,297.19732666015625,301.7112608002777,293.84471440081353,294.95130082956985,12655992
2017-05-17,296.49615478515625,299.3118860013444,295.3238330256958,296.47424304912863,9844573
2017-05-18,290.85369873046875,295.81683819203516,290.14155273886877,293.6804002172352,9790379
2017-05-19,288.99114990234375,292.68337961136086,287.05191748849916,292.0917627711307,12813204
2017-05-22,290.1524963378906,292.22322838132334,288.1913522214276,290.6674367251093,8801430
2017-05-23,286.0767822265625,291.40150895954815,285.2989010651615,290.49212814337096,9223001
2017-05-24,284.356689453125,287.86268408183787,283.78698434148356,286.5040979986178,14326531
2017-05-25,285.3975830078125,287.57784485139257,284.0828202000492,284.86073079195063,25922008
2017-05-26,293.0340270996094,294.5897896885232,284.86071512323315,285.72624336609897,21430443
2017-05-29,297.328857421875,299.2023549069521,292.6615109443969,292.96830453172385,24022633
2017-05-30,297.86566162109375,299.0379832996835,295.4881652894662,297.10969215296217,9658309
2017-05-31,293.7789611816406,299.7500983765346,292.70525704646286,299.541922292781,16423338
2017-06-01,291.05096435546875,293.6256668015466,289.9005834409463,292.0260806142196,9534069
2017-06-02,290.28399658203125,293.34078624517196,288.5857931045776,292.5300227320339,11495005
2017-06-05,291.2919616699219,293.84475209840235,288.33381874517136,290.612697841191,10835031
2017-06-06,287.6654357910156,292.29989918659226,287.27102457827993,292.29989918659226,9591064
2017-06-07,293.406494140625,294.0638754355538,286.8327982099465,287.3148563728158,11199223
2017-06-08,291.806884765625,294.6774098288396,291.0070918068265,293.62561728896316,7903123
2017-06-09,292.6833801269531,296.46325678192227,291.6534993337892,294.7431417132809,13836547
2017-06-12,289.1226501464844,291.37964683015076,288.58579796058723,290.6784419887924,8432435
2017-06-13,288.00506591796875,290.7769732531378,287.27100824201744,289.37459309961963,6025338
2017-06-14,297.46026611328125,298.008059450785,288.34472168536126,288.34472168536126,52939271
2017-06-15,303.256103515625,305.67742338758796,297.8108764274351,298.0080820438874,28290813
2017-06-16,304.3188781738281,305.8527289483489,300.04594338092875,304.3846133818224,32710880
2017-06-19,308.7999267578125,310.23518932991914,304.6256387105091,304.6256387105091,15236956
2017-06-20,309.4791564941406,311.6156234270032,308.40545240856045,308.74509887015887,10142474
2017-06-21,311.59381103515625,312.9085445835661,307.7043458535141,308.4822564426368,19992472
2017-06-22,313.92742919921875,316.7212484697732,312.84275446524657,313.22622444428765,22118609
2017-06-23,314.62860107421875,315.97621660526784,313.47822040500256,314.6614833027415,31143289
2017-06-27,314.9134521484375,316.19533247111116,312.2511033272854,313.7849832186184,32591540
2017-06-28,306.4443664550781,315.5270294353656,305.79795563398994,315.5270294353656,15567803
2017-06-29,305.1733703613281,308.9642168937738,304.60366534768536,306.77298525508263,12898245
2017-06-30,302.39056396484375,305.10767753186303,301.3058892332133,305.0200305945174,7814271
2017-07-03,302.62060546875,305.6116594281433,300.41843241024867,304.1873382673583,9195278
2017-07-04,311.58282470703125,312.7113230504818,304.36271717209206,304.5818345432507,18816782
2017-07-05,316.1187438964844,317.1705366768801,312.03207271822896,313.22630643673125,27209010
2017-07-06,316.09674072265625,317.72920877134305,315.0997129536283,317.4443269775344,13590313
2017-07-07,326.7461242675781,328.19232790036995,315.5379656631537,316.19531765321807,35845310
2017-07-10,327.11865234375,328.8826201413536,326.29694765696473,327.6116810067517,3504540
2017-07-11,327.4473876953125,329.64956113889144,325.83683114887873,328.9045620832272,20995547
2017-07-12,331.1176452636719,334.163463902192,328.13756182388346,328.55388474918436,17104482
2017-07-13,336.1794128417969,336.81993408746405,332.6566049650539,333.23086844260513,23010262
2017-07-14,338.75250244140625,339.2494504545176,334.73274649033704,335.71561429862214,20530867
2017-07-17,342.7280578613281,344.461846909531,339.4702812731022,339.4702812731022,18749450
2017-07-18,335.6934814453125,342.7390668490359,333.7277755907634,341.6347413617533,19640167
2017-07-19,338.5757751464844,339.69115836182624,334.08115763520374,334.08115763520374,11790198
2017-07-20,337.6812744140625,342.3415214996898,336.5327475955056,340.07764097351,13626050
2017-07-21,350.07183837890625,351.55162454929496,341.2261765195144,342.34153025566445,97142371
2017-07-24,356.75299072265625,358.8843261145335,350.07180862863083,353.38478490538216,43429394
2017-07-25,353.85968017578125,358.8954175643232,352.8547265465519,358.84018801860725,20063064
2017-07-26,358.4095153808594,359.98870302942044,353.6277805913232,354.312473658256,21954323
2017-07-27,352.236328125,360.3420676547318,350.8117419699547,359.5690604090265,18409364
2017-07-28,352.1589660644531,354.6989351402112,348.52572928509386,351.45218718896444,14331863
2017-07-31,356.7419738769531,357.5370965308563,352.501359039085,353.81551558707315,16567422
2017-08-01,354.179931640625,358.409488578495,351.50744682573736,358.409488578495,12311920
2017-08-02,359.8341064453125,361.2697208771726,355.17382941970163,355.59349142919575,20786240
2017-08-03,364.45013427734375,367.7189682862611,357.1505462736136,359.3150253418695,19707381
2017-08-04,358.2770080566406,367.2993580115906,356.7199062943362,367.2993580115906,18579866
2017-08-07,356.9959716796875,360.36414834799587,356.1566771950295,360.36414834799587,9537088
2017-08-08,353.9480285644531,358.0340419238002,350.4693927800025,357.3604065854902,10961296
2017-08-09,353.1197204589844,357.8020826215731,350.07180472860693,353.71606974627156,10436651
2017-08-10,349.92828369140625,354.8535916921295,348.51475520805775,351.8498178637034,10188164
2017-08-11,341.5133056640625,348.96749581420147,338.58681786909625,342.55137345857304,16996281
2017-08-14,347.4324645996094,349.9613762091734,344.7710374673446,344.7710374673446,13440617
2017-08-16,345.8974609375,348.0840259261908,342.3856818142261,347.20055966553826,13576650
2017-08-17,346.11834716796875,352.8657877190801,344.8041906340024,346.5379796681342,15828719
2017-08-18,347.9515075683594,348.4815991602277,343.03725744731616,345.4336535968152,7935890
2017-08-21,345.5220031738281,349.88410534358263,344.6054226919537,348.30491773237475,7573558
2017-08-22,344.5612487792969,348.9454073569074,343.67778244122997,347.2005900892563,9533641
2017-08-23,349.4202575683594,350.41415347910686,343.03724961393664,345.6213907767642,8320052
2017-08-24,346.328125,351.8608100273209,345.5440601123143,351.1761465212219,12654347
2017-08-28,345.996826171875,349.39814614579814,344.81518527932263,348.75765449737827,12316426
2017-08-29,338.39910888671875,346.2067034193985,337.92424682305705,344.9588046033179,15164812
2017-08-30,345.4557189941406,346.4937867079667,340.40895364676396,341.8003960760341,10334911
2017-08-31,352.1700744628906,352.82162389260805,347.6423131063957,347.86317232202674,25104625
2017-09-01,355.61553955078125,357.05115383004073,353.16394346993843,353.3516590452941,15431918
2017-09-04,356.3333740234375,361.36911157787165,352.46821979952165,356.80823608083756,21560532
2017-09-05,360.5850830078125,361.0820310369351,358.03408509079736,360.0108195017802,25216776
2017-09-06,363.412109375,364.9802688061407,358.4205730709698,359.21566626029073,48745984
2017-09-07,361.3801574707031,367.7411096049939,360.01080077906107,363.54466635224634,16205339
2017-09-08,360.8500671386719,363.6550675580082,358.72975975527726,362.21942372334445,13248413
2017-09-11,361.29180908203125,365.2453071341966,360.6954891781794,362.7937107772689,12690592
2017-09-12,363.87591552734375,364.4280635334582,360.8942278326957,363.4341676352422,6500191
2017-09-13,375.0296630859375,379.844512077877,363.1029112427437,363.98637761859646,29377106
2017-09-14,372.75469970703125,380.55126562556444,371.93752063969015,378.03341168690326,11867640
2017-09-15,371.8492126464844,376.73031954711837,368.7350090617626,371.9375563379193,28595395
2017-09-18,373.50567626953125,375.9352161800743,372.4234365914427,375.47138232534337,5061995
2017-09-19,370.4356384277344,374.9192280082725,369.7288889271271,374.8971420863785,7718697
2017-09-20,374.2124328613281,385.4103191373645,373.3068806155662,378.1659306584799,24942703
2017-09-21,371.6503601074219,376.22229296328493,369.3975373029488,374.1461575180318,12950541
2017-09-22,361.0709228515625,371.0098820444893,359.21564653725477,371.0098820444893,12294087
2017-09-25,362.904052734375,365.73113857587293,355.68175145502073,360.0107091417861,14229631
2017-09-26,362.26361083984375,365.3336424397479,358.7739467246368,362.9703898265132,10564143
2017-09-27,353.0093078613281,364.7372850073384,351.3970062444324,364.6931131681689,18448855
2017-09-28,347.3993225097656,354.6657961636441,344.6384942140146,353.2301819626899,29547622
2017-09-29,344.9477844238281,350.46941245431447,344.1526617310185,349.74054752863793,16666208
2017-10-03,352.656005859375,355.0855164890374,346.91348866008093,351.1762194548821,18345748
2017-10-04,361.71142578125,364.4059669466363,351.441178296043,353.03139399431524,18907611
2017-10-05,364.0526428222656,365.95209114606996,361.6231323544488,364.4281035076078,10631751
2017-10-06,369.7510070800781,370.766989062976,363.3679686858266,363.98640403997894,12997688
2017-10-09,366.92388916015625,370.9657308241419,365.75330581009024,370.6123265858795,8850408
2017-10-10,372.4675598144531,374.27866417800624,367.07844804976196,367.07844804976196,14732024
2017-10-11,371.12030029296875,379.18189700421595,369.2871099554636,373.39520903121735,15420644
2017-10-12,385.520751953125,387.3097705386096,371.98169897022944,371.98169897022944,18642942
2017-10-13,387.1551208496094,393.44978498836514,385.78576431902826,388.4140772671283,21509701
2017-10-16,387.3097839355469,394.0240811128242,380.4629417397284,388.28159398583864,32009221
2017-10-17,386.2275695800781,390.49027073262107,383.0691645942934,387.8398714707592,13898844
2017-10-18,403.9630432128906,405.4649153973405,386.51466353590337,387.5748172799893,36671941
2017-10-19,401.9310302734375,407.2317983458048,398.8830849459252,404.5372277273808,8014767
2017-10-23,415.1167297363281,417.3033244832035,401.57767617174875,403.2562652237301,27455320
2017-10-24,412.68719482421875,418.6284844323052,410.0147394376654,418.6284844323052,13857773
2017-10-25,415.1830139160156,417.83338351959236,410.58899472275726,415.271357603654,10011782
2017-10-26,418.49603271484375,423.09002288249707,411.25164319008775,415.2272274821343,16840049
2017-10-27,410.74359130859375,422.60408508004355,408.9104008373966,419.6444831175931,11498547
2017-10-30,416.33148193359375,417.6787525621229,411.07488545436416,412.57675752533976,7823263
2017-10-31,415.6026306152344,417.7671098544238,411.7816483214438,417.4137351173189,9504986
2017-11-01,420.7709045410156,423.08998534320716,417.7671306643662,418.6505970383469,17571371
2017-11-02,418.142578125,422.5157380123426,417.1045103286451,420.88132084905544,10277678
2017-11-03,417.56829833984375,422.2727170457455,415.2933897035583,422.2727170457455,4798537
2017-11-06,411.9141845703125,416.3315164424044,410.3681405304897,416.3315164424044,9757496
2017-11-07,400.51751708984375,413.01850266325226,398.90521531277113,412.2896672445481,20447574
2017-11-08,392.1687927246094,400.2083039441085,390.53440506757977,398.6622599719339,17752793
2017-11-09,397.7788391113281,401.9311107230592,394.046200050632,395.2388694197356,15007224
2017-11-10,390.4239807128906,397.977572280075,388.36993103796044,397.977572280075,13923102
2017-11-13,386.6250915527344,393.97990996497236,385.8520547980707,390.9319642773842,9088619
2017-11-14,391.68292236328125,395.34927393272386,385.631202719894,386.5146691005536,12481463
2017-11-15,390.35772705078125,393.4056432257304,387.81775758870765,390.7111017986682,15272059
2017-11-16,399.25860595703125,400.20833011854813,391.15283644375705,391.15283644375705,15160866
2017-11-17,402.8145446777344,408.55703182280365,401.3126430101847,405.9287481354101,12219276
2017-11-20,406.76800537109375,408.31407885291696,399.7665913214557,400.2966534382785,9231195
2017-11-21,411.936279296875,415.0725687751258,408.8220757412764,409.39633921744655,13082246
2017-11-22,411.1411437988281,414.63080768063,407.91648147438605,414.1007161042799,11058315
2017-11-23,418.3193054199219,419.6003183844171,409.3300697720086,411.2516039623576,16031638
2017-11-24,420.1303405761719,423.8408930720192,418.49595301468446,419.644450337873,13987125
2017-11-27,420.2408142089844,422.95747110575553,416.9940951785287,418.42973909834956,10237135
2017-11-28,416.70697021484375,420.2408061667508,414.38788944992933,419.57822851232504,10153618
2017-11-29,417.8775329589844,419.6444655914432,415.6688819120161,416.0443425643491,8038351
2017-11-30,407.07720947265625,415.8676415301619,406.1716572654643,415.8676415301619,20637767
2017-12-01,402.0194091796875,411.36201925477985,400.95925547231275,408.3582455026828,11114967
2017-12-04,398.2646484375,403.65376016981486,396.3872863270865,403.5212446543328,10103208
2017-12-05,403.6096496582031,406.723853206849,395.5480814976589,398.0217638036081,18306627
2017-12-06,409.330078125,410.94237995272846,401.44516790450166,401.97525953106214,24078081
2017-12-07,411.49456787109375,413.46027399513434,407.7177570842181,410.83196069299925,12095301
2017-12-08,406.834228515625,413.87984329598777,405.97287764908566,412.5104867901776,12224184
2017-12-11,404.69183349609375,409.04290708437816,403.54333619205,407.47474782158963,10792248
2017-12-12,404.44891357421875,410.3681173067914,401.09176513118786,404.6035150207305,15782031
2017-12-13,404.0292663574219,408.5790838521436,402.2844196930765,405.0231622502856,9147866
2017-12-14,407.0551452636719,408.5570173909573,401.4230584401265,405.9508197175826,10983157
2017-12-15,406.2821044921875,412.11296454830597,405.3765522457077,411.25158414374175,24408414
2017-12-18,406.834228515625,411.980395231252,381.05925258538963,402.8365885964688,18581421
2017-12-19,409.02081298828125,409.4846172896544,406.39250015220836,407.9827453027616,8891691
2017-12-20,405.5753173828125,409.66133062672145,405.0673412109932,408.99875301130504,10443493
2017-12-21,403.2783508300781,408.1374011184208,401.97525194157225,405.7078612306433,9071450
2017-12-22,406.5692138671875,407.4526801762004,401.6659920701318,404.0292740300846,10658428
2017-12-26,410.72149658203125,414.7412521846172,405.5753295123395,408.534931411343,11596338
2017-12-27,408.049072265625,414.12284848786203,405.9508506196122,412.1350859433566,9520350
2017-12-28,408.2477722167969,412.7534176192647,405.99494951556295,408.7115765134946,15511891
2017-12-29,406.8563537597656,411.8258335984762,405.72994226128617,409.26380769646346,11089700
2018-01-01,401.86480712890625,407.5852081610255,400.8709111867806,407.5852081610255,9453202
2018-01-02,402.4832458496094,406.19379886702285,400.3850241876042,403.3004544888271,9499419
2018-01-03,404.0954895019531,409.0428826223399,403.3224528765661,408.60113477045854,13507800
2018-01-04,406.5250549316406,407.18766205623797,404.4930912025674,405.57533083084263,9008932
2018-01-05,407.8281555175781,409.44048674987306,406.50297074992386,407.18766379869743,7441284
2018-01-08,410.1693420410156,411.2515816485914,407.93860506339274,409.08710243343984,8827020
2018-01-09,415.64678955078125,416.9498883406029,408.15945613038986,409.99261700940946,14294571
2018-01-10,416.2652282714844,418.4959652231692,413.2393686921782,416.55234523885497,11727682
2018-01-11,414.2332458496094,416.3977249415919,413.0184612990072,416.0222348217441,7849171
2018-01-12,419.2027282714844,420.8813172634133,414.45413724679906,416.55235874310455,15071161
2018-01-15,419.26898193359375,423.3991671219498,417.52416468209697,419.6444720789422,11120925
2018-01-16,407.6956481933594,418.6285038363339,406.39254932082434,418.6285038363339,10825151
2018-01-17,408.3803405761719,410.3681325079495,400.65003206654507,409.04294771583506,13204016
2018-01-18,406.2600402832031,410.6331708154021,404.22807647207054,410.36813974974456,9381821
2018-01-19,411.38409423828125,412.7534508067957,407.3201668868598,407.7177134588513,9973533
2018-01-22,429.1417236328125,430.3785648153731,415.2272087263813,418.76104488901365,45700733
2018-01-23,434.33203125,437.7333516251692,430.6877657381498,430.6877657381498,22526810
2018-01-24,426.8668212890625,433.6694626437357,425.23240397722265,433.6694626437357,14289485
2018-01-25,426.66802978515625,429.36257130907364,422.3611274544124,427.5514666866288,13669901
2018-01-29,426.049560546875,431.7037037022086,423.752565811496,426.8005113405526,9897064
2018-01-30,419.8211669921875,426.623837213525,419.20273170398895,426.623837213525,9182956
2018-01-31,424.63604736328125,426.04957583102106,415.911842957929,419.64448165223286,12551686
2018-02-01,416.9278259277344,429.6275847106691,413.7252788299651,425.4974289045024,16524809
2018-02-02,399.4794616699219,416.9720135440018,397.9996753776233,413.0185154741004,28965593
2018-02-05,398.50762939453125,403.0795625259468,389.51842355475804,394.9075357718175,19191099
2018-02-06,394.0682678222656,396.6744951650226,384.74774304894396,387.39814223714365,24062503
2018-02-07,395.0842590332031,399.94330958207723,393.1406388136535,398.6843824701822,15532284
2018-02-08,399.56781005859375,402.2623810925237,394.17869747794714,396.63032336191645,13825894
2018-02-09,396.60821533203125,398.4413763031294,391.37367501501336,392.6988892789931,11580639
2018-02-12,404.4047546386719,405.5974238941796,398.4634647955566,398.88312679383546,11877059
2018-02-14,412.42218017578125,416.33150625485683,406.83426507766427,407.7177314304644,22247829
2018-02-15,413.3056335449219,417.76710752483655,409.9926274541938,414.18909986996863,13363743
2018-02-16,406.966796875,416.37566457278876,405.5532389615524,415.0504503430303,9628162
2018-02-19,409.4847106933594,411.69336208287143,403.54342017349853,406.8343113336158,8941900
2018-02-20,406.8783874511719,410.6110257033019,405.8624351792685,410.36808059480325,8458450
2018-02-21,410.522705078125,411.9141475375905,407.3422441084825,410.80982204065396,11917390
2018-02-22,408.3140563964844,411.25157226062186,406.39252235425874,407.27598865425296,11196908
2018-02-23,412.68719482421875,414.3436978557467,407.60728561303847,408.77786890060446,10610664
2018-02-26,414.6529235839844,417.39166637087266,413.72528537370306,414.7854391158514,8435611
2018-02-27,419.8653259277344,422.2064925053509,414.49829974095985,414.78541671116307,14021366
2018-02-28,421.6543884277344,422.7807999923601,416.6407364510283,417.85549170800005,56650480
2018-03-01,418.93768310546875,424.017592265509,417.8554435118435,419.53403244723427,8956590
2018-03-05,408.20361328125,419.7107017461303,407.0992878146186,416.5523267833553,12325694
2018-03-06,402.3506774902344,413.5485633542669,399.81073770113363,410.36810239425415,16019726
2018-03-07,393.0301818847656,401.6439272474934,392.27923105957655,401.6439272474934,15853546
2018-03-08,402.6157531738281,403.9630534254239,394.5983568680487,396.5198616194217,13283967
2018-03-09,403.3445739746094,406.1054024562447,402.4390217608376,404.1396965875809,10638527
2018-03-12,410.9423522949219,412.1792228445798,405.31029500734587,406.3925346228884,8315150
2018-03-13,411.6271057128906,413.4602963980847,406.98894367655544,411.6491916371167,11148731
2018-03-14,410.3902282714844,411.7154130953788,406.03918363386197,410.27979866009423,14724464
2018-03-15,402.7703552246094,410.5669218033103,401.9752620106834,408.60121571667827,12711836
2018-03-16,397.5800476074219,401.8427486428174,391.3958123202465,401.53351623740934,30814962
2018-03-19,395.5701599121094,400.60586811883854,394.0240863848267,397.99967032673925,12630833
2018-03-20,393.05230712890625,399.3248864439903,391.837551826379,394.5983807773699,15192983
2018-03-21,396.18853759765625,398.5959619191376,394.598321826149,395.28298536522124,14715126
2018-03-22,401.1579895019531,402.8365783273498,395.6805341311348,395.790963726594,22129723
2018-03-23,394.86334228515625,397.5578835023807,392.74303498852964,393.4056125892194,23469999
2018-03-26,398.0438232421875,399.4573516819354,394.2449268584004,394.88544805847977,13227705
2018-03-27,397.46954345703125,402.30650742234764,396.23270243722345,400.73837759916535,15179544
2018-03-28,389.916015625,395.72479051036765,388.7233462520352,395.70270458655745,19160609
2018-04-02,394.4437255859375,397.9775911440199,391.5945826015695,394.4658115084952,12494499
2018-04-03,397.359130859375,398.30885495689813,391.04238048147505,393.5823498776638,13922126
2018-04-04,395.3050537109375,402.7703009574615,394.04612680462947,399.6340119079035,14214534
2018-04-05,401.18011474609375,401.97523739854904,399.103979173534,399.8107581409622,8527915
2018-04-06,402.4169921875,405.7299691370228,399.76662242276734,401.09180730513367,9664888
2018-04-09,404.6256103515625,405.95082461261825,403.10165228472334,403.10165228472334,7813897
2018-04-10,405.08941650390625,408.11527599655466,403.8084036604986,405.68573634213647,8455132
2018-04-11,411.1853332519531,412.0245982623731,404.6476941287281,407.1876635429491,13140816
2018-04-12,410.235595703125,413.7473455406373,408.2478038744319,410.7435718769946,10822592
2018-04-13,414.7191467285156,415.9780736633673,410.2355869924607,412.0024900903959,12616816
2018-04-16,413.92401123046875,415.2271394522302,410.1472305434901,412.7755139320417,8934275
2018-04-17,417.1044921875,418.4076204720431,413.46022684162824,415.2271594568929,9599816
2018-04-18,414.34368896484375,418.8493346523352,413.0405606934608,417.5462358681623,7360987
2018-04-19,416.2431640625,417.4358333225374,413.0185015426797,414.82960609806076,9802587
2018-04-20,409.8822326660156,416.0443820566165,406.92266003344923,414.34373651211394,7326696
2018-04-23,413.460205078125,417.1486420708678,410.1472287142982,410.80980629473834,7674482
2018-04-24,428.5011291503906,430.99692649936264,413.0184573729731,413.3718615698945,19921115
2018-04-25,428.6999816894531,433.6915179925618,425.6299500807275,430.09142425772006,14079382
2018-04-26,430.8423767089844,436.4302624121801,425.05568822053596,429.8043088875614,34096999
2018-04-27,440.0965881347656,446.59002531173934,435.3258821449676,437.22533017319466,25518647
2018-04-30,425.5195007324219,438.46220422459254,424.06177097879834,433.7798710455857,19406069
2018-05-02,429.6717834472656,432.54301221606227,426.2925195096566,427.1538999351803,13381914
2018-05-03,424.76861572265625,431.96883346071934,423.7305477925111,431.96883346071934,8634812
2018-05-04,421.38934326171875,426.1379345154058,419.64449642179534,425.3207259013143,8302649
2018-05-07,428.92083740234375,429.91473336789875,422.44948540897167,423.5538109832315,7683268
2018-05-08,427.1980285644531,433.77983891470734,426.3587341453245,431.7920472067953,10792648
2018-05-09,431.43865966796875,434.7958079868842,425.05565183184376,426.6679829745652,9831044
2018-05-10,433.40435791015625,434.92834534562013,430.3564125264377,432.89638175647445,8781584
2018-05-11,436.9824523925781,437.8879752205467,431.90254275083504,433.4485868223848,8774740
2018-05-14,435.8117980957031,438.17508005448985,431.43866788109705,438.17508005448985,5642499
2018-05-15,432.4326171875,441.731056265413,431.4166352302684,434.2437218693506,10501479
2018-05-16,422.3611145019531,430.24602450349516,420.7267267971373,430.24602450349516,18840763
2018-05-17,417.59039306640625,424.0617444069953,415.8897182894804,423.77462745332514,10353948
2018-05-18,412.510498046875,421.1905006057685,411.693289510136,417.70083674344704,11440117
2018-05-21,411.4061584472656,413.32769241823775,407.32014539081456,411.1411274132582,14491208
2018-05-22,409.37420654296875,412.57675342343515,408.6011698512121,412.20129278122664,11310073
2018-05-23,402.9691467285156,409.0429521991626,401.5997605906833,409.0429521991626,9991028
2018-05-24,404.5593566894531,406.8342655956632,402.0415026448969,403.7421481005316,11632489
2018-05-25,406.7459411621094,407.8944386304119,403.9409700030995,404.62563360721043,17782410
2018-05-28,406.5692138671875,409.48464384076686,405.5532320349043,408.5570056906639,11369679
2018-05-29,405.2661437988281,409.9263913130622,403.91887306285525,407.0551624642299,17878384
2018-05-30,404.6697692871094,407.80605849373967,400.473326397776,404.11762126862374,13105124
2018-05-31,406.9888610839844,407.4084935591212,403.98508753716635,406.83423015856675,37080158
2018-06-01,411.05279541015625,413.34979007787916,405.70782581594165,406.3925188271169,19174278
2018-06-04,415.6026306152344,416.9940731297958,411.052812926165,412.3117399143121,12250151
2018-06-05,418.6064453125,421.85316448905,415.6689290611793,416.4640517846973,17436812
2018-06-06,421.5881042480469,422.29485374254074,416.397765211798,418.319299374377,9164022
2018-06-07,429.075439453125,431.12948915232346,421.6101914837833,421.8089647797292,14999572
2018-06-08,434.8179626464844,435.7897432192137,424.3268252860924,426.8667947900904,14289325
2018-06-11,434.0669860839844,441.7089210907855,432.47674081206156,436.0326920094839,15018718
2018-06-12,440.4721374511719,441.73106458799646,433.0289747613966,434.39833151660804,16285583
2018-06-13,442.8352966308594,444.33719809780405,437.0928102527987,441.73097119326275,12962502
2018-06-14,445.2428283691406,446.94347391827534,436.16524867967877,440.60463712783354,11997529
2018-06-15,448.00360107421875,452.1117004349542,441.39973360172974,444.3814214752195,24705890
2018-06-18,448.5999450683594,450.7644243306372,444.82313457641976,445.6182572305983,12363932
2018-06-19,439.9861755371094,448.2686314661442,438.92599239867627,447.8710554174293,13881382
2018-06-20,450.234375,451.846706381027,439.456149519363,439.9641257570585,15735681
2018-06-21,455.8443298339844,457.63334841904106,451.13988119959373,452.08960529491947,22988909
2018-06-22,447.252685546875,454.6295898572643,445.46366690211465,454.2761856203562,35370008
2018-06-25,443.69677734375,449.01963246493483,442.74705312433696,446.7668092420351,11369371
2018-06-26,432.4326171875,444.3814555184052,430.79822937895335,444.3814555184052,17649122
2018-06-27,429.4979553222656,438.1915151045293,428.09718161759685,435.1231946488491,19595831
2018-06-28,420.20404052734375,430.67634407128054,418.13626009040524,427.78589223467634,18770484
2018-06-29,432.4328308105469,433.78913734978505,422.00499424589475,422.04946136624187,17425606
2018-07-02,427.1632995605469,432.38833426741104,425.5624536526587,432.38833426741104,14570004
2018-07-03,431.9214172363281,435.1009050872301,427.0521196066898,429.1198998718936,11084063
2018-07-04,440.2814636230469,441.12636849532396,431.78800715376593,432.1437440750099,10938521
2018-07-05,428.8976135253906,448.41924371659167,426.27399400833025,443.3498434827821,40946479
2018-07-06,434.70074462890625,437.1242620655491,428.8976072959262,429.00877509721016,20039239
2018-07-09,443.3943176269531,444.68389384532946,437.3466109475184,438.9474867032681,11309207
2018-07-10,456.11224365234375,457.3573526750429,444.68386748326304,445.9067429463483,22846197
2018-07-11,461.9376220703125,462.87146127397045,452.62149327804246,455.8009814087461,18953870
2018-07-12,481.3035583496094,488.7075411717945,463.62737458584877,464.405578823077,52736376
2018-07-13,489.0633239746094,493.1544176396645,480.25856729725484,480.4809325754795,39301408
2018-07-16,478.5688171386719,493.1099814730018,477.16804344052815,489.0633546727231,14427529
2018-07-17,485.75042724609375,487.35127318235175,475.63386103299104,479.5026190457951,14150770
2018-07-18,485.8393859863281,491.19782241037757,479.0579423423618,488.4407718955738,10241565
2018-07-19,491.3089599609375,495.82249113607037,483.0823057277265,486.1728594548824,11885426
2018-07-20,501.8924255371094,506.27252537011725,494.443946380736,495.11098278283094,17538801
2018-07-23,498.1792907714844,502.40378553824917,494.97759904365915,502.40378553824917,12779803
2018-07-24,494.0215759277344,501.0475590823347,492.44293377916534,498.9353411713594,9775749
2018-07-25,495.8891906738281,499.37997813581995,491.0199225689629,493.59907475330965,13014255
2018-07-26,493.8881530761719,498.7130138430537,492.62081043482885,493.6435839090284,14053674
2018-07-27,502.4261169433594,505.78347371733986,494.5551988513007,497.8236213810163,14610585
2018-07-30,512.0089721679688,514.6325913491372,501.60337030558236,502.4927126149122,30344461
2018-07-31,527.3950805664062,529.351693278489,510.1191586214534,511.83117248128076,30350826
2018-08-01,530.21875,534.9101790096715,527.1281964838087,529.3516115813917,21227054
2018-08-02,519.54638671875,529.840851084874,518.4791758845154,529.840851084874,13668930
2018-08-03,523.3707275390625,526.2834131049905,520.0800417489592,522.5035889692016,14536058
2018-08-06,530.3300170898438,531.8418991839944,522.6592310277675,523.2595074690602,8785462
2018-08-07,526.5946044921875,534.2431858687016,523.3928534238551,531.3527046103314,8879612
2018-08-08,541.491455078125,543.6259358086047,526.9502939701116,526.9502939701116,17307566
2018-08-09,541.6027221679688,547.717099235045,538.9568396284175,543.181334520756,14976885
2018-08-10,535.4882202148438,540.2908464147048,534.6433450872064,538.5121025668275,7833494
2018-08-13,528.1510620117188,533.5984326141039,525.9276466509217,532.5311623692227,10211072
2018-08-14,538.3343505859375,541.2692399802731,526.6391413928889,529.1738266928132,11592139
2018-08-16,533.9763793945312,540.7356191605268,531.6195626479612,535.065912895792,13086024
2018-08-17,535.2882690429688,540.4688371828257,533.6429261586562,537.6228226346489,8379864
2018-08-20,549.14013671875,549.9850119964649,537.0224606552896,537.1336581393147,16639535
2018-08-21,554.6096801757812,556.5218255922935,545.6270849879666,550.1851129422862,15923396
2018-08-23,564.5040283203125,566.527312161379,550.6966003214665,554.2095625117125,17429373
2018-08-24,568.083740234375,569.1732145017547,560.3240189852007,562.6363688974765,14550512
2018-08-27,574.309326171875,576.2436758645939,568.6396191049469,568.9286257437092,12188510
2018-08-28,586.5380249023438,588.3167689804493,575.8656198023589,576.3102909797232,19018790
2018-08-29,575.509765625,590.9847959904687,573.7310810943876,585.3372944998465,24230135
2018-08-30,566.7272338867188,576.8215642107637,564.9484902042741,575.2428928293049,21545859
2018-08-31,552.1417236328125,564.748477898974,549.8960451590323,564.748477898974,33479841
2018-09-03,546.5830688476562,559.3677489159388,545.2045290639356,553.6313135988753,26686176
2018-09-04,552.2752075195312,557.9893813609275,546.5165665542459,549.2513243577563,19333815
2018-09-05,545.6270751953125,557.0332171292616,537.4004211508131,552.5196563733415,22584608
2018-09-06,560.9242553710938,562.8364010140253,544.8934123881183,547.027893644338,24487897
2018-09-07,568.57275390625,569.795629282917,557.855882086477,562.4805808966339,23389269
2018-09-10,558.4562377929688,567.8613003399703,555.8992894737322,566.9718986178387,15440786
2018-09-11,550.3851928710938,564.0370136791685,548.851047615597,559.8569858494014,23787332
2018-09-12,556.9666137695312,559.7236347017905,546.4498128904398,556.6552845469216,17642490
2018-09-14,557.255615234375,567.2387511887387,554.8098641786469,560.0348993863038,17233514
2018-09-17,545.1380004882812,556.1884067782064,543.2258548830875,556.1884067782064,14773803
2018-09-18,541.2469482421875,551.1412088051937,540.0018689028976,545.182436718355,16660044
2018-09-19,538.4010009765625,544.2930427848416,534.0653677334085,544.2930427848416,24642640
2018-09-21,541.4025268554688,550.2517196574046,526.2832931277133,542.0695335384364,41713856
2018-09-24,547.872802734375,551.3635607528108,535.6217251185999,540.0463520378486,22098277
2018-09-25,547.2279052734375,553.6313476366498,531.397138132677,549.4068531740727,21250513
2018-09-26,556.4773559570312,557.6112971297255,545.6938128793007,550.9633146880527,13992341
2018-09-27,557.5223999023438,561.6357569371647,550.2962850888881,558.0782685884523,23642923
2018-09-28,559.3900756835938,565.5045124646996,554.6541789890709,560.2572142066184,24220992
2018-10-01,547.7172241210938,559.279033498802,535.3994735748563,559.279033498802,16039441
2018-10-03,535.8884887695312,551.2301191999461,533.6428696596937,546.738821611623,16135428
2018-10-04,499.04644775390625,529.3516493467371,491.82033332907014,528.9514452869764,50774608
2018-10-05,466.40667724609375,495.9559090483925,461.64854708088967,488.9299261248213,47998260
2018-10-08,493.3323059082031,496.71189612404964,456.04555667950297,466.9180941850017,53983473
2018-10-09,484.7276916503906,499.51342515544076,480.79223265348634,498.77968796508736,24042005
2018-10-10,490.08612060546875,496.2005278332912,482.170735613099,486.4396979554879,20784941
2018-10-11,483.7271423339844,495.7113578938818,463.80530825210366,473.14367076089087,28926389
2018-10-12,500.95855712890625,502.0480311197184,489.99711654895816,491.35339322707404,19814528
2018-10-15,506.8284606933594,510.0079488528521,497.22329553432496,502.4483009152021,19406012
2018-10-16,517.5231323242188,519.1239486657785,506.9396014097709,509.6077473830085,16358598
2018-10-17,511.9645080566406,524.4378605457335,506.9395458735049,524.2822553250105,27967162
2018-10-19,489.7303161621094,494.04377497684607,475.9228902961787,489.1522436351969,55606079
2018-10-22,472.5433349609375,495.73359146893216,470.18651819439566,493.59911030596476,28798142
2018-10-23,469.008056640625,473.45488694529115,464.0942919370616,468.14091820066403,23128845
2018-10-24,465.02813720703125,478.4575922144924,458.6469279174306,477.9906578094135,29869514
2018-10-25,458.3801574707031,462.7603174360066,451.9767137577541,460.692536881763,30833933
2018-10-26,464.650146484375,470.03084576750143,454.4669094942622,459.3139440027393,20085933
2018-10-29,483.7271423339844,486.41746250580826,465.1393515578372,465.1393515578372,16781215
2018-10-30,470.0308837890625,482.7043694186667,467.85190581865646,482.7043694186667,19263668
2018-10-31,471.9207763671875,473.9663233354537,465.5840334146007,470.92023644391975,35999348
2018-11-01,469.6972961425781,474.8778635314597,466.91804204900353,474.8778635314597,20552752
2018-11-02,477.9906921386719,480.70327547846847,472.76565718095645,474.47770064866603,36739798
2018-11-05,484.83880615234375,485.90604663719756,473.58829910252797,477.34588920002255,16585905
2018-11-06,490.9754333496094,494.48842452789165,485.4168658048848,486.4841062614549,18886485
2018-11-07,493.91033935546875,495.82248475692427,492.1316249894632,495.82248475692427,2808599
2018-11-09,486.2395324707031,495.28885754931315,482.48197219309054,491.93150130746153,23712291
2018-11-12,480.2585754394531,488.61863138641775,477.8350580562082,488.12949307154554,12690610
2018-11-13,488.9076843261719,490.4862967119038,475.8339656351982,477.59047617865275,14899604
2018-11-14,488.2406921386719,494.7775372347361,482.70438698052175,491.3979468807499,17034346
2018-11-15,487.7514953613281,490.4862824288341,483.1490003245572,487.7959624783827,14943663
2018-11-16,501.33660888671875,502.47055010879194,487.862685894898,488.2406564074806,24131016
2018-11-19,511.38641357421875,512.1423545090967,502.93742447454,503.7822996370506,15987574
2018-11-20,505.78350830078125,514.010163932405,502.49282230066837,509.16312855123994,12511640
2018-11-21,494.8887023925781,509.38542947633,492.2873163785177,505.82794096752576,16422494
2018-11-22,490.41961669921875,500.42501559270096,489.1967412087544,495.6001846268527,12670591
2018-11-26,493.4879150390625,496.93420575564187,487.99607751479056,493.15441165226196,13969873
2018-11-27,501.6923522949219,502.4927604495133,491.5757857200251,492.665259836989,14896607
2018-11-28,512.5648803710938,514.832762803635,500.8474680134141,503.58222551007844,17507771
2018-11-29,519.6130981445312,524.6824681597061,515.833274507063,516.2779456717894,27640198
2018-11-30,519.190673828125,527.3950652866846,516.8560609671007,521.3028917197313,23443212
2018-12-03,514.254638671875,522.459029076167,510.71935465234606,522.459029076167,12182825
2018-12-04,512.4091796875,514.9438646549513,507.91788225758813,514.9438646549513,11358720
2018-12-05,513.6766357421875,515.2997748795739,506.62838854429,508.60726468647596,12729759
2018-12-06,499.6690979003906,510.94178056272494,497.2677842431366,510.94178056272494,12831451
2018-12-07,504.1824645996094,505.5832082606226,492.86525848261766,502.2481156141414,15779984
2018-12-10,484.81658935546875,495.5112281320951,481.6371013493278,493.599082679723,20521072
2018-12-11,488.0627746582031,490.08608789212525,469.1414816662142,474.0329833745023,29518062
2018-12-12,493.8214416503906,495.1555146289837,483.7049046160699,488.70757439065306,27572962
2018-12-13,492.2872619628906,501.6033901811685,486.9510594738557,501.6033901811685,20337275
2018-12-14,494.577392578125,495.7780344633259,485.50583323480475,490.5307660526879,15795834
2018-12-17,502.4482421875,503.8267821265199,494.26608520534006,496.2449311992006,11077711
2018-12-18,505.3387451171875,506.494890161356,498.26823602633556,499.51337467331854,12841994
2018-12-19,505.5166015625,510.1857674825031,503.91572601692445,507.60661538435954,16118419
2018-12-20,501.8035888671875,503.60453703963105,496.33395461212814,498.4906397698785,12609700
2018-12-21,489.2411804199219,503.04860635781375,487.3735021084379,500.26932244943106,18115814
2018-12-24,484.3274230957031,490.57523133467276,483.1712483333816,489.5524579275047,9065704
2018-12-26,488.41851806640625,489.15225520609124,473.87735473417604,482.8377462721944,15771193
2018-12-27,498.1348571777344,501.15874001330144,490.93100577885446,492.35398327412855,27294221
2018-12-28,500.5139465332031,504.82737590371954,498.57953776326934,500.4916832889124,16768547
2018-12-31,498.6017761230469,504.20481106054626,496.3561273100057,502.9152052782862,15799099
2019-01-01,498.4905700683594,501.29211717323517,493.64353558398005,500.380511591524,9746670
2019-01-02,491.9982604980469,501.1587544539115,489.5969469449025,495.6001863012743,15628818
2019-01-03,485.92828369140625,495.64461591671386,484.74987540635277,492.4873615561272,16288287
2019-01-04,488.5519104003906,491.13109227912537,480.74772345630646,487.9960714293212,18516544
2019-01-07,491.2645263671875,497.3567000020006,489.59694997421326,492.2650662661068,12060290
2019-01-08,491.2200622558594,493.57687903332504,487.3735375588875,491.4201643000039,12304389
2019-01-09,493.9326171875,496.7119013047195,488.5741806820127,494.4884858846745,12614237
2019-01-10,492.4874267578125,494.04383542782034,490.4863468588468,492.59859456505194,8925160
2019-01-11,488.28509521484375,495.2888738615876,484.08283396366215,492.5318235825745,14139060
2019-01-14,487.729248046875,489.3745610158149,483.10451958201276,486.9288102781438,8994060
2019-01-15,502.337158203125,503.38216520660575,491.3756866044057,491.3756866044057,22011407
2019-01-16,505.1164245605469,509.1630510728316,502.64841043601535,504.7161611262395,13961606
2019-01-17,504.4715881347656,510.4525635845906,502.4927124442108,508.9184184171951,16379077
2019-01-18,526.661376953125,529.1293914034493,504.8274252468556,510.85286900794665,56181172
2019-01-21,550.3851928710938,551.3857327105305,528.5734481188317,530.9525279850722,48206814
2019-01-22,549.2512817382812,554.4985800560028,542.3364367197829,548.2285379681914,36207430
2019-01-23,545.3157958984375,553.2756471049843,543.4036505494876,548.428553374555,19313542
2019-01-24,554.720947265625,557.27789588952,542.5588626050742,544.7378109993763,28775487
2019-01-25,554.076171875,562.3917617593302,549.3625378680157,556.0550479987443,18703992
2019-01-28,546.7610473632812,558.5007230218457,543.5815592935013,556.0771759770403,18744303
2019-01-29,538.3565673828125,547.6949599864604,534.2210062373374,547.405894004788,20405845
2019-01-30,531.7084350585938,544.7377153830962,529.662888392258,540.290885129087,17164298
2019-01-31,545.6939086914062,546.8278500631961,534.0654289766883,534.5101002266729,22279301
2019-02-01,555.8325805664062,558.0782591486003,545.6493727513893,548.7399266020019,20187323
2019-02-04,574.0424194335938,576.7327691603633,552.3196086388238,554.5207606926173,25528059
2019-02-05,574.3313598632812,580.0455917322412,568.572720249511,574.5314915581412,20479210
2019-02-06,582.64697265625,585.9376579308329,575.5320560913038,576.42139839868,20586783
2019-02-07,573.820068359375,587.5162967228948,571.9079229435836,582.6469989486654,20150710
2019-02-08,568.172607421875,578.311407759681,565.7490602967357,571.3298323524249,14230054
2019-02-11,557.300048828125,567.4166449072653,556.2995089683704,567.3721777883574,16457901
2019-02-12,558.7007446289062,565.7934572740039,556.5217966214702,556.5217966214702,13998153
2019-02-14,544.3818969726562,551.852609491759,541.6248765756743,551.852609491759,14496604
2019-02-15,553.38671875,555.8102653241534,539.8460977124911,546.8498754034287,20994460
2019-02-18,542.558837890625,556.9666006579668,540.290955353684,555.8548632656433,21106139
2019-02-19,540.7800903320312,551.2746276536953,538.6011420504902,541.624965624784,13658461
2019-02-20,548.8955688476562,551.40805031561,542.0696577706717,544.2264022595144,13776558
2019-02-21,554.4762573242188,559.3233510379694,546.6720707342224,549.6292229791139,23142949
2019-02-22,548.0062255859375,553.764866348381,545.1824742654557,553.4535964921212,19152470
2019-02-25,547.98388671875,552.7420462566317,542.8033192614208,549.6292293862924,17176522
2019-02-26,542.6255493164062,549.0957236865192,536.2888356877302,537.8451850368259,22160532
2019-02-27,544.0707397460938,553.5870008173056,537.622828868863,546.0940828755768,24308835
2019-02-28,547.4280395507812,551.3412646659417,545.4269598752707,548.6287111035471,24688859
2019-03-01,545.20458984375,552.4529670830805,543.5148394691456,550.0738873711305,17329606
2019-03-05,550.3629760742188,551.3190487732026,541.8917231342477,544.0262041170199,15577500
2019-03-06,562.4362182617188,566.1271083197254,549.2291261191059,551.3191403320105,26332276
2019-03-07,564.8597412109375,569.1064404556395,559.4790412913804,562.0804570063062,17738092
2019-03-08,563.4589233398438,566.7273454629021,561.1910410246052,562.991988931222,13211934
2019-03-11,579.9122314453125,583.4251930254334,563.8591274031988,564.7707329778415,21258869
2019-03-12,592.0299072265625,593.2083156201982,584.4257920428238,585.6042004364595,24561597
2019-03-13,599.1226196289062,604.7700627353223,590.5846949191043,594.5423874268889,24577591
2019-03-14,596.565673828125,605.6594672762811,594.1421266687281,600.2120965053618,22753310
2019-03-15,587.7164306640625,604.2364100965389,583.0694684590887,598.0997697695152,34764353
2019-03-18,600.3453979492188,603.8584186781022,590.9848033317016,591.8741456080553,22104063
2019-03-19,612.1296997070312,613.6638452200248,597.2550009728678,604.7701232830253,21448030
2019-03-20,611.640380859375,617.2211524223837,606.5487475796755,612.6853877853137,21639437
2019-03-22,596.6546020507812,614.0639844657932,594.4089827675687,610.3286275838059,25078643
2019-03-25,588.9615478515625,594.4756488877699,585.5152569671774,591.6963648094636,17394088
2019-03-26,607.9940795898438,609.9284290452625,591.4295723187786,591.5629736823022,20734876
2019-03-27,599.9896850585938,612.7521034470577,597.7662699100543,612.7521034470577,22079870
2019-03-28,604.7700805664062,609.1280366604836,597.12155742008,600.4344470864746,22930248
2019-04-01,618.9332275390625,625.5812099242753,605.9040061008697,609.2168953564346,22088854
2019-04-02,617.9771118164062,623.9358831604546,613.7081501622587,621.6680009922289,17526740
2019-04-03,611.529296875,623.8915126137143,610.1062896471476,619.3334843305834,17169813
2019-04-04,601.6795043945312,615.3090614383648,599.10029291152,613.2190476033604,18320845
2019-04-05,602.0574340820312,606.5042643677637,597.2103997569392,605.1924547766507,14717266
2019-04-08,591.095947265625,603.6582929392833,588.627992740065,602.9912862254353,19081843
2019-04-09,593.408447265625,596.1876720186839,587.4274116874274,590.9404329916111,20774977
2019-04-10,592.0520629882812,599.4338419665922,589.8731148625114,594.9647482369978,16651949
2019-04-11,598.9002075195312,601.657228039029,590.9848235150835,592.7413042551912,12558520
2019-04-12,597.2549438476562,603.3915846813426,594.3867254762824,600.3232345801729,12948769
2019-04-15,595.9430541992188,599.8562790788998,593.6529087106474,598.0997389733817,9285737
2019-04-16,597.5438842773438,604.7699383783045,595.876278529146,598.0996934914357,17360317
2019-04-18,616.3096923828125,617.9994430523104,606.9935629801839,611.4403940056471,39286534
2019-04-22,598.2554321289062,607.8828302001219,596.4544248221322,604.770013246378,23607922
2019-04-23,606.4821166992188,610.5509471960839,598.5445280593867,599.4338704514936,19807450
2019-04-24,617.8882446289062,620.2450612802776,607.5493130403371,609.3503203942593,16101112
2019-04-25,610.2841796875,628.0715628737009,605.926282977455,617.7104265646376,30469914
2019-04-26,619.3555908203125,620.7563939519315,609.5281212383547,611.4402664921453,15069884
2019-04-30,619.3555908203125,620.9564662788464,607.7938444389966,620.9564662788464,22348580
2019-05-02,624.8030395507812,628.7384682810313,614.597510131298,618.9998732533446,18992003
2019-05-03,626.4927368164062,630.3392903592552,623.7357165516107,626.0925328153513,14240262
2019-05-06,615.8427124023438,623.8025642845884,612.8188295325302,621.668083175341,15832114
2019-05-07,597.4327392578125,620.3339569377828,595.9652650685441,620.2450227062299,19417647
2019-05-08,577.844482421875,595.8764047390747,574.6205270752714,595.8764047390747,31958919
2019-05-09,558.72314453125,573.1086456735821,556.6331302427632,573.1086456735821,42670173
2019-05-10,556.3662109375,568.1725569326192,553.6313942112528,562.5250550135701,24557430
2019-05-13,547.872802734375,560.6574264284468,545.8494596950486,554.9210491364415,17603659
2019-05-14,560.5018310546875,564.4595235931789,547.6282135242501,549.8516289609847,28438234
2019-05-15,558.9230346679688,568.3058920280824,556.1215472776911,566.0824770867141,24419559
2019-05-16,562.6807250976562,565.5934103188847,559.4567700569194,560.2794414070868,14451308
2019-05-17,563.5924072265625,567.8391065367374,556.7442327926992,563.4145387341147,17276949
2019-05-20,589.6063842773438,594.853682889219,579.6454518974258,584.1368094194668,26979100
2019-05-21,595.7874145507812,607.8828266181661,591.4517815790188,592.4078542813324,30343560
2019-05-22,596.05419921875,604.6365900370148,593.6973827142746,598.3888118496633,24689918
2019-05-23,593.1637573242188,618.9998631393895,589.2060654168131,610.1062028106163,38766006
2019-05-24,594.4755859375,602.012969838323,585.4262607343491,599.4338177592781,22269265
2019-05-27,582.8248901367188,594.7646975136477,581.2018106049238,594.5868290372126,16076686
2019-05-28,588.6502685546875,593.5640337021803,584.0255693695124,586.893787642564,42594251
2019-05-29,583.8921508789062,592.8970095110765,579.934458605217,587.4273758435999,15558515
2019-05-30,591.318359375,596.7657294512053,585.3151206701258,585.3151206701258,23494381
2019-05-31,591.4962768554688,596.7213117869429,587.071650070184,594.9425676489825,25724066
2019-06-03,604.8590698242188,607.994090978728,587.5163579234107,593.6529988664066,18556942
2019-06-04,601.0569458007812,611.1068116046075,599.4783333814987,603.6360980885171,15442761
2019-06-06,590.2510375976562,605.6148699401848,587.4717540660912,605.6148699401848,16764835
2019-06-07,584.7147827148438,590.2066198858296,580.5792222472563,589.6285473858957,14722419
2019-06-10,586.604736328125,590.0954943640182,582.5803728426142,587.3829406264767,11768468
2019-06-11,591.0515747070312,593.4306547533242,586.0934016212589,587.8054154783434,11492074
2019-06-12,592.3856201171875,595.1649041263249,589.2061320343628,593.5195613436267,10297599
2019-06-13,590.20654296875,593.5194316857501,581.9354231114866,591.429418166642,15686169
2019-06-14,585.8931884765625,589.206077611282,582.2690295355039,587.8275376717066,14942768
2019-06-17,570.2180786132812,586.9826557986509,568.5282688866099,586.9826557986509,14908257
2019-06-18,569.6400756835938,572.7306295845631,564.3483102839548,568.7062067925273,16797371
2019-06-19,568.0169067382812,578.97837779512,561.4578584462031,572.2636649065373,14492763
2019-06-20,576.6436767578125,578.0889469168594,568.305885663222,569.195227882353,10748848
2019-06-21,568.9729614257812,576.3102730992397,567.2164806453644,576.288009856738,23236832
2019-06-24,561.3688354492188,567.616612929062,559.012019211633,565.7044677988246,11267228
2019-06-25,576.2437133789062,577.1997863480152,557.7448531787358,559.8126637546214,14966899
2019-06-26,575.4876098632812,580.1345720095973,572.0190560013318,574.0868659940008,11593027
2019-06-27,566.5939331054688,576.7104690943013,565.1931299068178,575.0429225698807,24905533
2019-06-28,557.2333984375,570.4627526979973,555.254522519952,567.9058042132716,18942165
2019-07-01,564.237060546875,565.926810776967,554.2761307683959,559.4344344185882,13478857
2019-07-02,568.5283203125,569.6400576488289,561.7691401630615,566.5050367269992,10146746
2019-07-03,570.3292846679688,572.085824960274,566.9941913005933,570.484949272235,8806492
2019-07-04,570.9741821289062,574.0869997804111,569.1954376664265,569.8180368179243,9351405
2019-07-05,561.7913208007812,573.8645289266176,560.3016427013837,571.4631858784575,10926753
2019-07-08,556.7664184570312,563.9035985122777,555.0544047714505,559.4123009664904,14009219
2019-07-09,569.23974609375,570.7516873706384,553.8537087411103,555.3878538911504,17535754
2019-07-10,568.6840209960938,573.3531874939108,564.1704597393002,569.2176264544378,12018196
2019-07-11,569.8845825195312,573.5532681405218,568.8840426899244,572.3081294799662,8608376
2019-07-12,569.4177856445312,578.0891122353905,568.3282520615583,570.5294637363561,15692436
2019-07-15,567.4610595703125,573.4197716904608,564.9041114164919,571.4186921559307,10659498
2019-07-16,574.9762573242188,575.8211919875307,567.8835437708728,569.1731496419003,10070773
2019-07-17,570.0179443359375,576.7549199705015,569.1952730336634,575.5542485107924,9482233
2019-07-18,561.1243286132812,572.0413326152861,559.4123148851044,570.084720053663,11942908
2019-07-19,555.41015625,566.0602981891096,552.6086090736543,563.9480803959793,16336536
2019-07-22,569.4177856445312,571.196470591451,545.7605634266221,556.2995685804034,29092589
2019-07-23,566.3272094726562,575.3764765784953,560.4795751467659,571.4187839881948,20316348
2019-07-24,559.9014892578125,568.6617495471938,557.433474995596,566.3049327715216,15189179
2019-07-25,547.6282348632812,564.3261442187804,545.6271549553801,562.0804654495325,21805071
2019-07-26,539.7572631835938,552.5196824605647,538.0674533045859,547.6281806669657,20387504
2019-07-29,538.4899291992188,543.4036943148075,535.888513661204,541.1358118566359,17626045
2019-07-30,525.1271362304688,542.5143129866509,522.9259842937183,539.8239634029369,20853117
2019-07-31,518.6126098632812,526.950402820518,516.9005366560214,522.8371050851758,21229950
2019-08-01,524.8382568359375,528.3734824842943,511.5421702865784,517.3452787798682,22628222
2019-08-02,529.8226318359375,536.0408419669061,519.8690401403267,525.9530481643328,23766807
2019-08-05,511.4811706542969,522.0610382541031,504.61428752999774,522.0610382541031,30399133
2019-08-06,504.7485656738281,514.2772147929521,501.9302614364911,507.63400083349217,29067994
2019-08-07,496.29351806640625,509.3338769283476,493.4751843934342,503.9432766269725,25349369
2019-08-08,515.5073852539062,518.034888146451,489.98587119323537,495.82381219461934,31198568
2019-08-09,519.8690185546875,525.8635582584843,515.4849637925847,519.7572133327016,21970009
2019-08-13,570.2633666992188,582.8115915745617,548.4548982709383,551.653471251419,104827144
2019-08-14,576.3026123046875,583.5497045483337,572.7685043829358,583.3484312700429,31688983
2019-08-16,571.71728515625,577.8907613008839,569.4805236306593,577.6223570848148,21977767
2019-08-19,578.2485961914062,580.1274853073897,572.6119288434555,573.0816660537041,16317602
2019-08-20,570.8001708984375,578.2485964535656,569.3015509257864,576.9960435256826,14969299
2019-08-21,568.5634155273438,572.0080555654605,566.5727211691215,570.6659748321008,10677848
2019-08-22,557.737548828125,568.5858220652894,554.2258371735678,568.5634849082636,14031953
2019-08-23,570.7554321289062,574.4013453869694,548.6785598455581,554.2704931165212,21307915
2019-08-26,566.7069091796875,578.8748646445653,563.2175351947169,578.8748646445653,19202504
2019-08-27,570.3080444335938,574.8486379698815,564.2016404304748,574.8486379698815,28401906
2019-08-28,565.1411743164062,573.0593371929982,561.8978672808688,569.8160301574608,11605488
2019-08-29,555.500732421875,563.7767677346285,552.6152975985758,562.076814692412,18890222
2019-08-30,558.5426635742188,561.1596939883926,546.2181094841907,557.1782457593526,24735240
2019-09-03,539.686767578125,556.0599009833398,536.8236700987924,555.724365883025,18730619
2019-09-04,537.3381958007812,539.1723510117648,530.5831771530227,537.0697915833224,32949395
2019-09-05,536.1973876953125,542.7287354271208,533.8264243161294,539.8656977046184,22995486
2019-09-06,546.88916015625,549.796991849655,534.6988072637425,538.1657845260604,23186819
2019-09-09,546.7550048828125,551.5864004741132,542.7064848250591,546.0615974259554,11747929
2019-09-11,552.212646484375,554.7178119472804,546.8891176163188,546.8891176163188,12127900
2019-09-12,541.4537353515625,554.9190358445909,539.3735732310876,552.4810015076904,11880005
2019-09-13,548.2759399414062,549.5732268594613,539.9104371214981,542.1919324610177,12947715
2019-09-16,541.6328125,545.3681943191327,530.6055434723909,531.9028903197632,20547730
2019-09-17,535.6829833984375,541.7446544223395,533.915959082345,541.7446544223395,15640772
2019-09-18,539.3736572265625,544.1155842826566,535.5711448848785,539.03812210891,14933909
2019-09-19,527.4515991210938,541.1629674653879,524.588561489294,540.3353580517022,13766222
2019-09-20,561.1372680664062,568.0936185993667,525.326692461689,531.4330367203619,48165560
2019-09-23,554.3600463867188,573.0594124826849,552.4811569966915,569.9950411796075,21610844
2019-09-24,572.0303955078125,581.0221752076171,555.9480624084689,556.3283315585267,34958974
2019-09-25,572.4107055664062,579.32232332458,567.6240441545225,574.4014000766002,18192270
2019-09-26,580.1275634765625,581.0222442594841,574.1777570950776,577.980269872532,18350457
2019-09-27,585.6076049804688,588.26936977172,574.4014002150042,578.2039128132178,19058663
2019-09-30,595.9861450195312,597.5518958958941,584.0417998862946,586.0325539376727,25263770
2019-10-01,583.7510375976562,600.3478410067997,578.561710792839,598.1110797172258,17920384
2019-10-03,586.5023193359375,588.1351414776207,573.1935556971858,575.296115069358,13524851
2019-10-04,585.1824951171875,594.3532696635766,583.2812690270853,590.4612897005975,14992253
2019-10-07,586.0772705078125,590.8639313350587,582.3194924065126,585.1825301515461,10061584
2019-10-09,592.6310424804688,594.9573319134045,578.2039269700573,585.4510800476256,17588647
2019-10-10,609.6304931640625,612.4264003120319,590.9534655095318,592.7428866972427,35006390
2019-10-11,605.08984375,610.9054477231147,597.9098217886772,610.0554412968428,16597126
2019-10-14,607.5054321289062,610.6145367219722,604.3068594781264,610.6145367219722,13394275
2019-10-15,610.2567138671875,612.8737443545717,605.8502623557373,609.518572468822,9672791
2019-10-16,613.925048828125,617.1906930560849,610.0554055497727,612.8290351255885,19403660
2019-10-17,624.728515625,625.8469260796392,613.7683798495626,615.1104604501286,16038940
2019-10-18,633.608642578125,638.7755735124656,625.7128754778188,628.0838393236604,28121951
2019-10-22,632.6243286132812,642.7791919469498,627.792874377324,637.4780602759029,27786502
2019-10-23,622.8944091796875,637.9031250769546,618.756421570499,633.586201337099,18446160
2019-10-24,642.600341796875,644.814766083547,620.2774614179121,626.7416786905978,22642488
2019-10-25,640.251708984375,644.8370366166074,631.327001295776,644.6804973751445,13539957
2019-10-27,641.6161499023438,646.4252075816162,639.7148639837899,644.635786603863,3014841
2019-10-29,656.2893676757812,662.0825743744294,645.1278977377407,646.6489146143203,25768505
2019-10-30,661.6799926757812,664.1180871998608,653.2697550954862,662.0825989955799,16341366
2019-10-31,655.0816040039062,666.3996749093317,653.8961220358013,663.8721119645888,19463741
2019-11-01,651.7487182617188,653.9407456609271,644.6358276540866,650.8987716125406,13904301
2019-11-04,652.0841674804688,658.0563095676105,646.4698976195223,655.7748144006123,14063434
2019-11-05,647.4541625976562,657.1393502221374,644.6358585848789,654.5223792352792,12685356
2019-11-06,641.9068603515625,647.0737900327247,639.0438227599466,645.3962340765049,14625505
2019-11-07,652.50927734375,654.4775749097812,640.6991335974781,641.9517463190575,14084039
2019-11-08,646.6488647460938,652.9788793630199,644.7699757434531,648.2146155357956,12019353
2019-11-11,638.7307739257812,646.0897317907238,636.3821474784538,643.7858393788213,11357841
2019-11-13,658.637939453125,660.248424410004,639.7149054535805,639.7149054535805,25225749
2019-11-14,654.3657836914062,662.798358618493,651.2566785637106,660.2931928467199,14258133
2019-11-15,657.9893798828125,665.1246679644767,654.5447395149349,655.6631501873038,15691605
2019-11-18,652.7776489257812,664.7666684900898,651.0776959332642,658.7945257246133,14076051
2019-11-19,675.391357421875,677.6952498210799,655.3723092919387,656.2669899955055,30176255
2019-11-20,692.3460083007812,703.4180100751444,690.3553139483255,695.6564462284737,43538120
2019-11-21,687.85009765625,696.0813988250823,683.8015779854442,691.1605356274156,14897371
2019-11-22,691.8314819335938,702.12060743976,687.8500338208812,689.8631248921964,22352865
2019-11-25,698.5642700195312,700.0181560781981,693.8446798240759,693.9118107417911,15146156
2019-11-26,697.982666015625,705.1850244813896,696.0813800314871,701.4943771827839,35330983
2019-11-27,702.27734375,704.8049065221858,696.1262043957895,697.8485544719779,9642739
2019-11-28,706.9522094726562,708.6744998466525,699.6379850161785,703.5299061567649,13747479
2019-11-29,693.9116821289062,707.6901212611459,692.4353994629503,707.6901212611459,18559594
2019-12-02,709.7257080078125,722.2291992065935,705.4758552570175,715.7649818734178,31225364
2019-12-03,706.3258056640625,713.0808241214206,703.5075017351681,712.5216785466492,12990426
2019-12-04,694.6051025390625,705.6994404448031,686.1277352132506,703.6863493987005,20987607
2019-12-05,693.7775268554688,706.7060203182888,690.713156108009,704.1337239176818,19942460
2019-12-06,695.5892944335938,701.4496318188408,689.4158188233732,694.7393478229513,13085234
2019-12-09,703.5075073242188,705.6548007454388,691.8315657510143,696.1485494736302,12642677
2019-12-10,698.7431640625,703.9548283487694,695.2537899519466,703.2614209575684,10173333
2019-12-11,698.9444580078125,704.357395282487,693.6656631029554,695.902424408401,12364641
2019-12-12,701.5390625,704.066624768685,696.3721327507451,702.4561399724871,10326606
2019-12-13,708.1151733398438,711.2914090338671,703.417980571226,706.8178266982692,12668303
2019-12-16,700.8233642578125,713.0360538117269,699.8168186594121,712.1861071903043,11892718
2019-12-17,699.0786743164062,706.3705007919149,695.8801014038346,700.8904324959013,20324601
2019-12-18,704.9613647460938,706.8178569998239,698.7655517905632,699.212892125798,14742077
2019-12-19,720.2160034179688,722.4304274040596,703.1495237014474,703.9994702382778,20507816
2019-12-20,715.3623046875,723.6159423177721,714.0202240531031,722.4751946822872,21271510
2019-12-23,702.970703125,705.7218761773056,696.886695107476,697.9155779264252,25107772
2019-12-24,691.8092041015625,703.2614153675864,690.042120180771,701.8522634418367,18048449
2019-12-26,677.9188232421875,694.71689899178,675.5701971430078,689.6618342880757,29761019
2019-12-27,689.9750366210938,691.6973267522384,680.5582539222193,683.1081535254751,17677571
2019-12-30,690.8026733398438,692.3460274000547,683.5779176956529,691.5855488098815,17123749
2019-12-31,677.3150024414062,690.5790325109319,674.6309005193739,689.8184941634283,22203005
2020-01-01,675.32421875,683.1529137163456,673.490123328754,679.0819971118469,14004468
2020-01-02,686.8212890625,689.3488518479688,676.3979593733322,676.3979593733322,17710316
2020-01-03,687.6488037109375,689.6618949086101,681.3187290426969,685.7922517653002,20984698
2020-01-06,671.7006225585938,683.5107049345103,670.1348718060082,679.9766568901101,24519177
2020-01-07,682.0346069335938,686.4633961016671,677.0689495898322,679.5293813804267,16683622
2020-01-08,676.912353515625,686.440941615489,675.5032015883575,677.7399630034671,16047902
2020-01-09,692.5026245117188,693.3973052036212,685.0094646794911,688.2975058097518,14982742
2020-01-10,692.3460083007812,696.9537331994524,688.7671661721967,694.247234586273,12478359
2020-01-13,690.5789794921875,697.2892636445985,688.2080160085029,691.182918802657,18282382
2020-01-14,684.1818237304688,693.3972733335526,680.8043146862556,688.9237506296278,15816535
2020-01-15,681.6990966796875,688.879119007135,679.1939307600682,687.0673605574593,15817859
2020-01-16,687.9842529296875,690.4223472080394,683.5554644082378,684.0028644434916,12847975
2020-01-17,707.2652587890625,709.0322829800654,694.8288390890643,694.9630411899628,29463471
2020-01-20,685.5015258789062,719.7911481994419,682.839761284159,719.7911481994419,32545850
2020-01-21,686.1948852539062,691.5407512237331,680.8713564368783,683.8239219068291,18922720
2020-01-22,685.9488525390625,691.9433921150559,684.9423069375898,690.7131763493682,10322817
2020-01-23,683.0411987304688,689.796218032275,680.2899656476081,687.3581232334355,11247739
2020-01-24,680.6701049804688,687.2909208972738,679.3280242942884,683.1081395891008,14628445
2020-01-27,673.9598388671875,681.9674704241261,673.2664314282462,677.6952802850295,13387750
2020-01-28,658.3919677734375,675.5032444510476,654.7460541997162,674.8769082130656,24532236
2020-01-29,662.0155029296875,668.5244541677285,654.9472866809749,659.4208095162297,24746565
2020-01-30,645.8660278320312,661.9483606637074,644.1884717288344,661.6352224321117,22402689
2020-01-31,631.5059204101562,650.1158137912277,629.5152262794007,650.0039488574752,34750310
2020-02-03,619.8077392578125,626.2720164126083,609.7646795449248,612.8290505582687,30712290
2020-02-04,638.1043701171875,640.8332054586706,625.3100801882642,626.2942287712574,25383901
2020-02-05,647.9909057617188,649.9145288544571,639.849132797698,641.9068982608502,18472100
2020-02-06,652.1513061523438,656.26695662953,644.2332031533095,650.4961469348968,15538577
2020-02-07,641.3478393554688,649.7133433335028,638.9544787429636,649.1094039600182,12209212
2020-02-10,642.2201538085938,646.6489428047836,630.9692153123326,638.8202476362594,15142476
2020-02-11,649.8922119140625,655.9090886918525,646.4475719077193,647.4988515504008,13999816
2020-02-12,657.7432861328125,659.7787743619559,650.8987994375913,651.4132707150139,13533565
2020-02-13,659.4655151367188,661.0760000110254,654.2985851368666,661.0760000110254,13565659
2020-02-14,665.4825439453125,671.6783575404241,650.0488229864293,660.8524216851458,21227841
2020-02-17,661.2997436523438,673.7808982963232,659.5327193324579,666.108801931165,13149130
2020-02-18,656.4459838867188,660.2484966614289,651.9724605253016,660.2484966614289,11127161
2020-02-19,672.7295532226562,673.9150349477495,659.8905275306022,661.7917537765035,14084409
2020-02-20,664.744384765625,674.6085086758875,663.7825731086709,669.6876451612479,16892268
2020-02-24,646.4028930664062,660.7405401434429,643.9871953423907,657.4972328720769,21370214
2020-02-25,633.6309204101562,649.2882495489266,630.7678229370605,649.2882495489266,27745062
2020-02-26,622.7155151367188,631.8191601622372,620.6353526146177,630.7678804610105,29362748
2020-02-27,620.143310546875,623.520820005058,612.4264202255112,620.9261263497503,25054993
2020-02-28,594.3756713867188,607.0581581658521,592.7428492925397,606.1186837322065,39315769
2020-03-02,588.7838134765625,612.426378055896,582.0511321802886,606.2081680239584,29500495
2020-03-03,600.7280883789062,605.6713484615526,591.4007735026032,594.8454135797672,27398798
2020-03-04,599.3189086914062,605.6265863851147,585.0930684252744,604.8213738082619,22105261
2020-03-05,586.5469970703125,607.4831207123542,584.2431048990697,604.9108243565992,30510390
2020-03-06,568.5857543945312,576.2579099445863,555.2099199542964,568.1384140570675,33734039
2020-03-09,498.41845703125,555.1651920392663,489.85165057435484,554.7401888514859,88187018
2020-03-11,516.0441284179688,527.1832005807552,495.6671803789598,495.6671803789598,59578576
2020-03-12,475.53631591796875,492.5357258130127,469.1391701914128,485.37810154536595,55970485
2020-03-13,494.4593811035156,509.98250923399024,421.58557799627334,446.45838815033005,73297403
2020-03-16,454.37652587890625,483.0071128058158,449.5898351157526,474.44030673011787,38482258
2020-03-17,450.9319763183594,474.1943331844334,448.7846827572605,468.49056413228965,45445979
2020-03-18,433.261474609375,463.4130789981454,429.90633253193516,458.6711221665263,44730415
2020-03-19,410.5359191894531,432.59042415452996,399.12841250234374,411.6095658236809,61404010
2020-03-20,455.3830871582031,462.9657149231966,416.03836966442924,420.2882223245293,63360475
2020-03-23,395.48248291015625,424.9854120443488,391.7247049147837,409.86486186475844,40670949
2020-03-24,422.0329284667969,433.9325104811008,400.73893016882965,416.03838849257653,45734887
2020-03-25,484.1478576660156,515.1494078462537,430.912866475202,431.15890365113535,73130298
2020-03-26,476.9678039550781,499.6486136007236,466.29843942879904,490.2094647326891,45744488
2020-03-27,476.6994323730469,495.3540612398386,468.02079126607595,489.8516259919914,41657940
2020-03-30,460.9750061035156,480.815118140311,456.30017996614265,465.51565999753865,30229866
2020-03-31,498.2395324707031,505.41952430798887,468.8260681247117,480.4348787671312,44292810
2020-04-01,483.3426818847656,503.09329603601816,467.5734864710347,502.04201634176945,41597459
2020-04-03,482.00054931640625,507.49969331385716,472.5390330846229,507.49969331385716,41367807
2020-04-07,539.5526123046875,543.086660841312,492.08842686836795,493.0278714782651,54373624
2020-04-08,533.3119506835938,549.7969487728319,518.929571501776,527.8766166035285,49880330
2020-04-09,545.7484130859375,551.4968858405396,533.6922622821191,543.0866484415843,33032857
2020-04-13,531.969970703125,543.534047096568,527.8766572382242,538.590786977077,23673784
2020-04-15,514.3889770507812,552.928454098454,511.32460598764607,535.5040393591676,35321842
2020-04-16,522.5307006835938,531.2093407704812,512.2192387583235,514.3888689175442,37455706
2020-04-17,547.5602416992188,550.2444035682247,533.5357318474931,543.9814587489115,33269335
2020-04-20,556.4177856445312,562.3227974116861,537.7184224485133,548.4548889228998,36030932
2020-04-21,553.5323486328125,560.0860337092978,520.7190100428373,541.2972025264376,61371628
2020-04-22,610.0106201171875,619.5392672425052,581.5590002828025,590.506045286382,142683366
2020-04-23,613.2763061523438,619.9642525598753,605.402878107692,611.6882182521458,65464502
2020-04-24,633.8994140625,668.7705820869983,602.674159716329,603.993843697594,134986308
2020-04-27,639.6030883789062,659.8458058753123,636.5834515375906,641.5043146604703,58482901
2020-04-28,638.8873291015625,651.1000185601599,622.7825996528488,648.6619839341811,78453401
2020-04-29,638.3504638671875,650.294808910519,635.2413590168171,646.3804914740855,37494672
2020-04-30,655.8197021484375,668.7705945819996,643.3162098274911,650.4291011653437,71345899
2020-05-04,642.0411376953125,655.372237059235,634.100578563775,644.1884308722197,53456868
2020-05-05,653.42626953125,661.6352335022636,647.409392668105,650.3172243173109,44903763
2020-05-06,653.4710693359375,664.2970042488814,646.6489200756587,654.9249553114857,40489094
2020-05-07,674.1387329101562,677.1360326646604,646.4252520396666,650.8987749292127,50026966
2020-05-08,698.6760864257812,706.7731256998821,687.6264217526766,691.1605298647231,84262770
2020-05-11,705.3864135742188,722.4752932861393,703.3733222103791,706.8179027396051,67085063
2020-05-12,661.7470703125,701.6062908611085,655.372320874391,700.0181429966896,100683202
2020-05-13,675.7871704101562,689.5833490177412,656.6169951579172,689.5833490177412,66430125
2020-05-14,648.4657592773438,675.9000855316069,645.8013667337839,663.3909205122524,49266771
2020-05-15,659.0556640625,662.3523056062347,639.0500542508714,652.101104371265,62152260
2020-05-18,650.6334228515625,669.2616544401022,644.875632962838,663.842565100716,62796089
2020-05-19,636.2501220703125,660.0943173105137,633.6986696085636,657.9718098763932,42315854
2020-05-20,647.44970703125,653.3881649537279,629.0698124523583,636.7469251931129,55320985
2020-05-21,650.8591918945312,659.9813507786306,643.5207801115246,648.0367074472184,39167981
2020-05-22,646.4788208007812,658.4234659784153,644.1982807272651,655.6236168765307,37828973
2020-05-26,643.091796875,654.6751640177939,639.5919112653286,653.9751868958597,33216635
2020-05-27,652.8011474609375,656.6170983783275,637.6501643523708,646.230439764707,35667956
2020-05-28,664.858642578125,668.2455885276171,654.3591041621977,657.0686489767882,40126278
2020-05-29,661.3135986328125,664.7456963541632,656.007389810822,662.9393134152917,40022527
2020-06-01,686.580322265625,694.7090163146383,666.5295595380629,668.3585186853417,39943702
2020-06-02,693.51220703125,695.4541060723005,686.7834677262479,689.1317954741431,22153960
2020-06-03,696.19921875,704.4859445214847,692.4509368094127,697.712053268636,25381289
2020-06-04,713.4275512695312,717.8080227909754,695.9057249087699,697.2604674305974,34202350
2020-06-05,714.2855224609375,730.6783659768879,710.6727564801458,720.291708575871,33076685
2020-06-08,708.776123046875,730.859089589277,706.7439793566319,730.859089589277,31414953
2020-06-09,694.1670532226562,714.8726404733965,692.29294201313,704.6214390965813,25857161
2020-06-10,709.9728393554688,713.3146329578219,695.4766830422209,696.8540015463917,22132647
2020-06-11,694.4154052734375,708.0760679196416,691.3897362648564,707.1954823716251,20385805
2020-06-12,717.491943359375,719.3886307890996,676.0356131417713,677.3904154737256,38548899
2020-06-15,729.1204223632812,734.7201801016447,704.9827364804711,706.7439674657269,53107403
2020-06-16,730.5428466796875,744.474480971934,715.9111755811775,741.9681807809915,51187003
2020-06-17,729.4816284179688,738.5586354119855,723.4980185831051,726.2752912652263,41782053
2020-06-18,747.7937622070312,751.9032611106536,725.0786081018418,725.7108570793259,40471557
2020-06-19,794.5338134765625,807.810625482609,750.5486065093829,754.1613131856782,105804173
2020-06-22,788.5501708984375,814.7651529947294,783.5148741969872,800.8560924984864,60198705
2020-06-23,777.1473388671875,796.4981230069162,774.9796793150689,790.2886927800162,37962078
2020-06-24,780.2858276367188,800.5398315469669,772.9926279248398,783.9211693289436,51586221
2020-06-25,775.7925415039062,789.8371168459703,773.6023058840819,779.9020403666149,39679374
2020-06-26,786.5179443359375,791.191964274281,775.3861571652835,780.7150021666101,30921913
2020-06-29,778.1633911132812,785.6598351283517,774.7312935693344,780.3762026333931,25621946
2020-06-30,769.5606079101562,786.2243641857787,765.6994455798191,784.418040909027,30276420
2020-07-01,784.6890258789062,789.8372029771134,771.3444262157954,776.7409996637026,28464103
2020-07-02,798.1976928710938,801.485081567038,786.725864305351,790.3306639056832,28789533
2020-07-03,810.689697265625,813.0022452904714,801.6664242784979,807.0168938963399,29434266
2020-07-06,839.6640014648438,842.4752438841282,812.5941218966552,818.4434059167284,47016185
2020-07-07,826.8092651367188,845.3546275122593,819.032966945957,843.3822180562978,35189589
2020-07-08,815.2694702148438,832.0237061429656,811.6420023700266,827.0813186844387,26204095
2020-07-09,827.1719970703125,832.0463807901345,809.9416146203339,820.257200151335,36418942
2020-07-10,851.5665893554688,854.5365672443328,827.1719444149811,829.0990778284718,43759967
2020-07-13,877.3895263671875,883.1480789947044,861.519399808991,863.0383906975433,69608392
2020-07-14,869.227783203125,880.4275378777578,855.7608760819069,876.9361375023506,67331128
2020-07-15,836.1272583007812,897.2498214760561,815.2694681656544,878.7271275560773,139669773
2020-07-16,835.855224609375,847.463061457531,821.8214999600007,837.4875551151266,60961724
2020-07-17,866.824462890625,870.5879376546745,833.4065484579826,836.5805972770396,49726765
2020-07-20,870.5426635742188,876.0292010321696,861.3607145700907,869.5904907729887,36592938
2020-07-21,893.96240234375,896.4336259674744,878.0696681167741,879.2032442811862,42173371
2020-07-22,908.67626953125,911.3968402873401,889.0426683207968,899.1541819328522,59771457
2020-07-23,933.0709228515625,943.0010338235651,902.9403911340319,908.6536081303097,58333751
2020-07-24,973.1314697265625,980.771759562493,933.0708309814001,933.161502678431,120597372
2020-07-27,977.6885375976562,997.0047292904097,964.8564523008031,987.9361194684092,80304827
2020-07-28,987.4371948242188,994.8281373893102,975.1718690276076,977.6884283611794,55114422
2020-07-29,950.6866455078125,989.7497164572247,938.806733983119,987.5279599955765,72663399
2020-07-30,956.2185668945312,970.2068959629854,939.5096069794463,951.7522658851112,72857444
2020-07-31,937.2877197265625,965.3551074174673,930.8036739652497,958.7803899595893,74958061
2020-08-03,910.9434814453125,932.708168854675,908.268186395727,930.1236054784066,46715383
2020-08-04,975.1492919921875,982.5855710982528,906.9759241686489,916.2032692730761,92041055
2020-08-05,964.1989135742188,995.7350350128565,960.5034420662862,983.4924363615606,74549993
2020-08-06,967.6676635742188,982.9029683593162,955.7424156591269,978.0512526670176,49322975
2020-08-07,973.2675170898438,978.41397565965,961.3649973579197,965.7178986420788,32984416
2020-08-10,961.2062377929688,981.6786719644749,955.8784359553779,979.0034370833714,26958997
2020-08-11,967.5316162109375,979.4115277857607,952.3643158271037,967.9850346750636,46828306
2020-08-12,964.7203369140625,972.6100942320181,955.2889807683499,961.727691023823,30264617
2020-08-13,962.203857421875,969.8441477839456,956.7399877786922,964.9017603707093,24830322
2020-08-14,958.4630126953125,978.0512181796919,947.331262509623,962.4304992398274,33224635
2020-08-17,948.2835083007812,954.4728113825545,938.6480809006554,954.4728113825545,30979066
2020-08-18,960.6168212890625,967.7583570068861,944.2026051100721,945.4041850307872,30547672
2020-08-19,966.5114135742188,976.6909912734272,961.8864371354927,970.7963711289713,34087543
2020-08-20,950.8680419921875,963.0426971858464,946.7644877423543,961.2742991196269,22537845
2020-08-21,943.9758911132812,962.1811736813316,941.7767425366628,960.3674398053548,25280895
2020-08-24,950.278564453125,954.2460509640609,938.8294034471639,948.3061551600297,32717218
2020-08-25,944.0891723632812,957.3293988551819,942.2301027513665,954.926179130093,19388008
2020-08-26,969.1185913085938,973.9476387792452,928.1737834196999,945.404164454041,59870421
2020-08-27,957.0120239257812,974.8772272109728,953.6792992534803,973.9703303109421,28085062
2020-08-28,959.528564453125,967.1235185049004,955.0395957954092,961.2742345079785,27166900
2020-08-31,943.4544677734375,985.7595929976718,934.2271229260566,985.7595929976718,62076132
2020-09-01,946.4244384765625,962.3625085827924,935.1566206196067,952.2056589351107,38616258
2020-09-02,964.9923095703125,969.4359420833692,945.4041058105975,948.5780947667522,26949439
2020-09-03,957.6921997070312,969.7761228830589,953.5659776492615,964.9017393534515,18586429
2020-09-04,941.8900756835938,950.8226774812872,939.6002554209449,944.7467140146105,28475945
2020-09-07,944.338623046875,954.8128835439741,926.9268380792043,944.950776960414,21926473
2020-09-08,955.425048828125,961.7276915670202,943.3637335909106,948.578195976428,27397082
2020-09-09,980.023681640625,982.9483238635318,943.7945186882138,945.4042412879571,55310877
2020-09-10,1049.2398681640625,1063.2735913062183,986.3715829983507,989.8857107486725,140304404
2020-09-11,1051.84716796875,1060.0542764084548,1037.042733630043,1048.3331597240744,59470807
2020-09-14,1044.04833984375,1070.0979877970385,1034.7302619381398,1054.2279189798085,44063445
2020-09-15,1051.4390869140625,1054.5677402462597,1037.5187024549093,1048.3104335818653,27178393
2020-09-16,1054.023681640625,1074.3373820752818,1047.675702726847,1051.9605405191994,33952295
2020-09-17,1042.3250732421875,1058.1724701146538,1039.19630018031,1051.960379773106,25828669
2020-09-18,1045.476318359375,1051.7109562350613,1032.258761329384,1049.3531326004477,33074915
2020-09-21,1022.8729858398438,1059.2154272970997,1019.0187188937507,1042.8918823662696,33627381
2020-09-22,1002.6045532226562,1032.4629482711289,998.2515919553894,1032.4629482711289,34792254
2020-09-23,1011.514404296875,1032.3495853551422,999.95196363165,1024.7546312020859,42988708
2020-09-24,989.0242919921875,1009.3379310241465,986.6890759494188,1001.1308828752752,29826318
2020-09-25,998.3196411132812,1003.3527603033637,982.7216491326262,992.5610883137335,28374935
2020-09-28,1004.9169921875,1014.7791583315967,1000.7454344947183,1009.7913754651387,19666849
2020-09-29,1017.975830078125,1026.5682927534233,1004.9170066954657,1008.8845531281477,25842539
2020-09-30,1013.1241455078125,1027.928578554187,1008.8845241351473,1024.754589473698,24465159
2020-10-01,1008.9979248046875,1026.4776536649397,1003.8968020817645,1026.4776536649397,20783227
2020-10-05,1003.0806274414062,1019.8348626021702,1000.2693849664739,1017.4997065200467,18922799
2020-10-06,1002.2418212890625,1012.9200933518428,998.296942586189,1008.9979425426255,18412175
2020-10-07,1023.6210327148438,1046.9727113511217,1006.6173319875696,1013.4187882912593,53170865
2020-10-08,1015.3458251953125,1028.3820400322443,1007.5695280889473,1024.3010941935845,21077808
2020-10-09,1012.7160034179688,1021.5806008725526,1005.3023929613358,1013.4188289931045,18545499
2020-10-12,1014.3483276367188,1022.8274503983472,1009.4513365004996,1013.4188228288398,14226473
2020-10-13,1034.1407470703125,1036.4305673579886,1009.2699549272937,1011.423767661742,23112012
2020-10-14,1037.2239990234375,1044.7056133384592,1028.608748631058,1033.3245163972065,26742011
2020-10-15,1000.49609375,1038.3575863716283,995.2816312959982,1038.3575863716283,20036197
2020-10-16,986.57568359375,1012.2851869024872,985.1473645281419,1004.3502142447803,21583600
2020-10-19,986.757080078125,1010.5622392043457,977.2123844835455,993.0371147391401,31200385
2020-10-20,977.552490234375,994.3747895538761,975.8974318290545,988.0267509433463,18482288
2020-10-21,963.360107421875,993.9213889927784,951.1854522370077,983.0390454596967,34082321
2020-10-22,955.3569946289062,966.9421636132013,948.1247869738381,964.629675395071,30802210
2020-10-23,958.1229248046875,968.0757029274415,950.5733065108839,954.9262077062731,23422125
2020-10-26,920.0574340820312,953.0898801636919,915.2510540818878,953.0898801636919,37324416
2020-10-27,922.5059204101562,934.0003573150689,909.129685940206,922.6872638083931,36478896
2020-10-28,912.0543212890625,933.0255097674074,910.2179195551136,925.8159103792913,29924017
2020-10-29,919.0597534179688,925.9066057760115,902.781605556934,905.5021761803395,30655304
2020-10-30,931.5745239257812,936.3809035347286,916.7473024873174,922.0524364064571,34021563
2020-11-02,851.2945556640625,919.1051761545775,842.9967754989971,919.1051761545775,99366895
2020-11-03,839.0292358398438,865.6003029117848,832.0917710410919,856.9851117444604,88691623
2020-11-04,867.5046997070312,874.6689636295238,832.9532636853438,832.9532636853438,80180117
2020-11-05,886.4581298828125,889.1560327894556,876.0292050636682,886.4354619573483,37205373
2020-11-06,920.0800170898438,924.9997362683603,896.955016187128,902.3282137896616,66674086
2020-11-09,929.8514404296875,938.1492199552745,923.1859913130511,935.0205666821017,35838510
2020-11-10,945.2000732421875,947.671296720315,925.5438649087239,941.7766770254419,36934242
2020-11-11,905.5928955078125,949.9384928452779,896.9323689240059,947.2179220787752,56724780
2020-11-12,897.7938842773438,910.6940326424576,890.9924272689508,898.247362719015,40046527
2020-11-13,905.2301025390625,923.4807196009718,898.5873814202945,898.7007210390979,45388670
2020-11-14,907.9053955078125,913.8000155522184,904.7540741586882,913.6186721505104,5226220
2020-11-17,903.8018188476562,945.4041769988106,900.0610116001939,945.4041769988106,46542562
2020-11-18,901.05859375,909.8098520291383,888.7705994600573,903.8018324500739,30402290
2020-11-19,894.6878662109375,911.6008364153229,892.4433818817643,901.0585724391551,27796343
2020-11-20,861.2926635742188,899.5169003772073,859.2521905953536,895.5266860839987,57471248
2020-11-23,884.5083618164062,893.2595600473776,873.4219475565428,884.644369365096,45327567
2020-11-24,890.5615844726562,895.0732207523068,876.0291071206386,890.5389165497263,30936268
2020-11-25,883.193359375,903.6657931642695,880.654192057057,897.7938413094128,32637879
2020-11-26,885.3699340820312,890.9924794007771,875.1450800459091,885.574005389529,25838637
2020-11-27,875.0316162109375,886.956863707273,871.2228051404243,879.8833317328676,47336811
2020-12-01,886.412841796875,891.5593007073751,875.1450831922687,879.8153957062484,19750687
2020-12-02,887.8864135742188,889.6321436054803,877.3894853981996,888.0450890461269,22188887
2020-12-03,890.5615844726562,898.292605520803,888.1130290198768,894.1663838990108,27785372
2020-12-04,882.7173461914062,892.806192431299,879.6566964271353,892.806192431299,18464552
2020-12-07,887.9091186523438,890.9924362657266,879.9287495447478,879.9287495447478,18242188
2020-12-08,904.028564453125,913.3239128258733,884.1909519390108,889.2467387240156,43403061
2020-12-09,919.08251953125,922.1885651259229,906.5225094998519,911.3742252800819,29175254
2020-12-10,910.0364990234375,919.7852655926706,907.3159283447815,916.6566123106188,16065507
2020-12-11,909.4924926757812,924.0929759507371,895.1866924423914,912.7571538037538,26944202
2020-12-14,902.9176635742188,913.6639990942831,900.6731791916262,910.4672819578382,17312747
2020-12-15,895.2320556640625,902.1921882018914,889.2240359631435,902.1921882018914,18551265
2020-12-16,896.2295532226562,904.5727289498443,891.3098338764274,901.4213476389596,18561011
2020-12-17,900.3330688476562,909.1296626703094,896.5015899774218,899.8343145472157,20252358
2020-12-18,903.031005859375,909.0843613071538,890.9924186751066,897.8392714360722,18466344
2020-12-21,879.5205688476562,916.8379694209409,841.2283275836958,911.3968279822237,44135540
2020-12-22,878.1603393554688,888.2265172786522,856.2822534289644,883.7375484737753,28140001
2020-12-23,881.40234375,884.8484079017386,870.8826879671385,875.1223093610237,19501410
2020-12-24,904.2099609375,906.3183777688924,882.3318755488342,882.8306298588741,20776988
2020-12-28,908.3588256835938,915.0242747672096,904.7313581616152,909.9004843884214,17221499
2020-12-29,902.3508911132812,912.4397367118075,898.9501027379986,910.943413813905,18611939
2020-12-30,904.8220825195312,910.1272165991579,895.7761410801606,904.7087428928894,22043630
2020-12-31,900.1970825195312,912.2583374556028,897.1591008607796,903.9152218564029,18781189
2021-01-01,901.1946411132812,905.5022064134912,898.7007496438623,901.421320358103,10015175
2021-01-04,902.713623046875,906.3636985650919,892.3527025549105,904.6406964491767,24513534
2021-01-05,891.4911499023438,899.4261822629604,886.9114498823324,892.806069337439,24123091
2021-01-06,867.9807739257812,891.4457932255564,863.854552119663,891.4004573776713,46401468
2021-01-07,866.5751342773438,881.9237776804218,863.854563591743,870.8146957594764,32325918
2021-01-08,876.800048828125,878.9311936650147,867.0059456976594,869.6811807226603,27540187
2021-01-11,860.2724609375,879.1125050229124,858.1186482532938,879.1125050229124,33307825
2021-01-12,887.3876342773438,888.725221692781,861.4739994731104,862.8796506283604,41161546
2021-01-13,879.1124877929688,895.5040358477936,869.8852032617441,890.3349094942321,26619458
2021-01-14,888.9973754882812,891.8540138996398,879.2259402439199,881.9238432057263,21553242
2021-01-15,878.5004272460938,894.9826476255291,870.6107298685408,888.9973558240713,20593268
2021-01-18,899.5849609375,905.5022489944743,872.1070575050039,883.7828981720585,35100458
2021-01-19,914.2987670898438,920.918820254768,904.4366011613523,904.4366011613523,32006615
2021-01-20,931.6651611328125,933.1614839760485,907.4972564349495,916.5659251576317,30924537
2021-01-21,951.9335327148438,961.2742166156673,940.869846715687,944.0438358240183,39087742
2021-01-22,929.3527221679688,959.165840987856,922.8006124178714,957.1933717044934,30532660
2021-01-25,880.110107421875,922.7099765082173,876.0292211149126,922.7099765082173,54207104
2021-01-27,859.252197265625,872.8551706594984,856.0782081201552,872.8551706594984,42370131
2021-01-28,850.8864135742188,872.084340959147,847.9164357485394,852.5187439949068,34067814
2021-01-29,835.1976928710938,867.4593064405973,829.7791594362084,858.9347876285253,43712383
2021-02-01,859.3882446289062,863.7864814872391,837.9409106033642,843.1100367737496,34180952
2021-02-02,873.2178955078125,879.6566053024357,841.092290337818,867.9807655747403,41470034
2021-02-03,875.4170532226562,885.0977559571905,861.5193370458762,874.3514808921253,30301696
2021-02-04,872.5377807617188,879.656648554206,863.7865225405493,872.4017132446297,25626981
2021-02-05,872.288330078125,881.7650813571979,870.5879959278572,875.1449682096818,20248046
2021-02-08,884.8484497070312,892.8061507159327,874.691600163488,876.5052740367894,21183400
2021-02-09,886.9795532226562,902.1468540671391,885.2338830875444,889.6095123241837,19604141
2021-02-10,895.2092895507812,899.9476653520371,873.8980223594517,885.8913333557456,21234156
2021-02-11,932.11865234375,935.9728593397923,894.2798277886045,897.7938959649373,42539278
2021-02-12,925.7252807617188,942.2301692248576,913.8453687465834,932.027983547643,30497029
2021-02-15,921.6444091796875,934.6578975884943,918.1983447144302,928.6499377082844,15791099
2021-02-16,933.8416137695312,942.8648864073879,922.7325323956649,924.8863449010564,21421660
2021-02-17,944.6106567382812,950.3692089797069,929.8061035808391,934.0683329596526,23742994
2021-02-18,937.5598754882812,956.0145057624479,933.6603325517267,945.4042372455169,18646877
2021-02-19,943.2730712890625,954.4501576444582,931.030412526974,932.7081388605912,23403483
2021-02-22,910.5352783203125,947.6260001116775,904.5727145749872,943.1370313830363,23804335
2021-02-23,917.4954833984375,930.8490501461664,913.0291825324456,928.6272336757321,25644108
2021-02-24,934.5218505859375,936.4489240552962,918.7197282010852,920.4654582700598,10807663
2021-02-25,972.3153076171875,975.7840397521635,939.9629623775807,941.3232777095965,34855693
2021-02-26,945.7669067382812,967.576928004242,938.9200542247918,959.9139702500598,37481215
2021-03-01,952.9764404296875,957.6468123803251,935.2019094636117,956.8305872083303,17680764
2021-03-02,954.9262084960938,965.8085514456496,947.2632505723379,962.1811437745009,17150760
2021-03-03,998.5009765625,1006.572077071357,955.4703590572257,961.750393670414,31924461
2021-03-04,986.5984497070312,992.9918242849485,978.3686732860034,988.4801874020635,21435754
2021-03-05,987.890625,1002.9672532884404,976.260120871694,977.5977682721734,25511666
2021-03-08,993.5133056640625,1012.0132716669716,983.039044773577,983.2657240329895,19506841
2021-03-09,993.490478515625,1003.8060628939456,973.3355160603489,997.548696502313,15154484
2021-03-10,989.3643188476562,1004.3956118787131,984.0591848216625,1000.7228083320849,11519358
2021-03-12,969.254638671875,1000.4506792735099,963.042608072978,995.2815530770632,16864952
2021-03-15,956.2412109375,974.3784296324053,943.3637304935054,970.3656071763525,16698099
2021-03-16,952.4776611328125,963.9948252863043,950.1651731263198,958.5536241227466,13873801
2021-03-17,931.9599609375,953.5659717866566,922.7779520359184,951.321487384943,19210236
2021-03-18,910.98876953125,945.3135252330827,907.3159659802869,939.9176595322679,20647480
2021-03-19,944.0438842773438,950.3239190123003,899.0635245309819,902.7816639429236,41787429
2021-03-22,935.1566162109375,940.4164143959771,921.9164490477823,939.0561589834671,18572478
2021-03-23,946.5377807617188,956.6039587366939,932.2547090305418,934.9526119187763,17421165
2021-03-24,928.309814453125,943.0236364808284,925.1811610696235,943.0236364808284,16822814
2021-03-25,902.9857177734375,931.3478510950881,900.0610755416413,931.3478510950881,22001648
2021-03-26,904.4366455078125,913.0745041101142,894.937285828174,912.3036747318539,20180202
2021-03-30,920.1480712890625,929.035337372419,903.0310289019577,910.4899757979094,20441701
2021-03-31,908.26806640625,929.4886608125947,906.4089968537622,915.0242469485529,16250796
2021-04-01,916.7699584960938,920.465429845356,908.2907755247039,915.0242884490825,11723312
2021-04-05,903.5072021484375,918.1983571528486,889.6775482799965,918.1756892265367,14875099
2021-04-06,899.7435913085938,909.1069426679059,892.8060675079755,908.6761921647392,14009194
2021-04-07,908.1547241210938,928.128402781999,903.8244911311536,906.862472591503,24266353
2021-04-08,909.2882690429688,916.837886588746,903.6883926704473,911.8501640591978,15369188
2021-04-09,898.723388671875,909.7417386895142,897.7938238938312,906.159667024016,14037885
2021-04-12,866.5751342773438,889.3600561933767,861.632747207554,888.2718159255257,20901482
2021-04-13,875.9385375976562,879.9287521472845,869.6131669055775,872.4017415275625,19411189
2021-04-15,881.6063842773438,889.1786704861084,867.4139846330557,873.4446120904353,19723716
2021-04-16,876.0745239257812,884.1456245317884,873.5126286216039,878.1149969863354,15656948
2021-04-19,862.2901611328125,868.9556101628922,856.9850274045621,863.3330655330114,18478808
2021-04-20,862.0408935546875,870.1346024372397,857.189177823117,866.28045535031,17203668
2021-04-22,864.4213256835938,868.0714611843059,850.9544197704057,858.0052836359382,14490954
2021-04-23,863.4918823242188,870.0892682363567,859.4109960022909,864.2400438171045,11828857
2021-04-26,878.6818237304688,889.6322314145979,866.7339073312086,870.5881145351398,20846778
2021-04-27,901.7161254882812,905.5929405224553,878.8631979839778,879.6566953316482,19992524
2021-04-28,905.6382446289062,910.4899602170952,897.861946907099,905.8876517747103,17122437
2021-04-29,917.767578125,927.0402589004967,910.1726236848527,917.2460958998795,17412606
2021-04-30,904.3685913085938,923.1859662205167,901.2172701969537,910.7166293469361,19828769
2021-05-03,888.2944946289062,897.3404357451366,881.0622873144365,891.4458158814281,23640186
2021-05-04,869.0463256835938,892.2620588404909,866.5071582786076,884.190958253908,21849830
2021-05-05,870.6334228515625,878.976538945821,865.1695531457119,872.1070779189138,12393609
2021-05-06,875.5757446289062,877.3894784194164,864.5119984908221,871.4268548191382,14624666
2021-05-07,875.9158935546875,886.7529013481309,873.308662266205,878.6364644741296,12288548
2021-05-10,873.3992919921875,882.7399763357812,871.0188000480982,879.2032403073009,13941237
2021-05-11,876.5507202148438,878.999216065306,866.0537312569095,868.3209436649042,13478264
2021-05-12,867.4819946289062,876.4372641804301,864.6934200952072,875.1676804843173,13177961
2021-05-14,878.432373046875,880.5634577549068,864.2399737584975,874.2380874670803,13291616
2021-05-17,888.8839111328125,890.2895022472771,875.3036065895062,878.4323196410428,11873078
2021-05-18,901.398681640625,908.0414631541172,894.3931533556103,898.2473602910601,12064918
2021-05-19,905.5248413085938,914.32143492012,894.1664125157001,897.7938200130252,16317002
2021-05-20,900.2423706054688,911.8048706158811,898.2472934944823,905.9102510089941,11422532
2021-05-21,908.018798828125,911.2154560407943,900.5145161905418,903.2350870037179,10785605
2021-05-24,900.3557739257812,911.3061808075764,898.7007755187158,910.4899555985552,8551760
2021-05-25,890.153564453125,905.5022080454436,888.7252453359569,905.2301329831129,14780102
2021-05-26,893.2822265625,897.5671839561246,891.1284738713696,895.5267109206686,7480204
2021-05-27,896.0255737304688,903.6885320706949,889.7455387788042,893.3956745411289,26819294
2021-05-28,949.8478393554688,954.472815743996,902.3282518740783,902.3282518740783,56469931
2021-05-31,979.5475463867188,993.7852821100847,945.4268620793822,953.1124880356037,59124142
2021-06-01,983.447021484375,998.4555855632798,973.290112651038,982.1320420491826,28013832
2021-06-02,998.115478515625,1001.8562854678098,978.0511285109794,978.0511285109794,24630162
2021-06-03,1001.9244384765625,1020.2203933832268,995.7804709778903,1007.0708373167107,23974257
2021-06-04,993.2412719726562,1005.0077850362732,990.4073013674445,1004.25962351292,14468646
2021-06-07,1009.9727783203125,1016.5928919877746,990.7473191357551,998.4556731308024,16336573
2021-06-08,1004.1688232421875,1009.8593716828784,996.7098768905071,1009.6100245190582,9674735
2021-06-09,986.2129516601562,1007.0707400246994,978.4819302316137,1006.1639031267835,11409161
2021-06-10,989.8404541015625,1011.1517216348074,987.3692305170946,994.5561020859403,14155653
2021-06-11,1007.0098876953125,1013.766875641892,991.9717457006176,993.24581569042,13762778
2021-06-14,1021.4566040039062,1027.5310032039945,998.7742213753509,1007.8517599235836,20332436
2021-06-15,1023.777099609375,1035.1068867541692,1019.3634688990921,1028.7822714120728,15174215
2021-06-16,1006.3045654296875,1022.434740881434,1003.6882448935254,1021.456501659872,10797349
2021-06-17,1008.1473388671875,1016.9518526581879,991.8806822040291,1001.0264002407747,15745975
2021-06-18,1012.6975708007812,1016.951973026685,993.905579255041,1012.6293299435551,29369026
2021-06-21,1017.9755859375,1022.6394327555987,1001.0947014517697,1002.6189877915085,12186448
2021-06-22,1012.7430419921875,1028.782290874014,1009.8309507322007,1025.5971158370016,12871913
2021-06-23,1003.4607543945312,1024.0499936427696,1001.7999261642769,1023.7770302436452,16653951
2021-06-24,979.8684692382812,1007.6696977965144,973.7258293406423,1004.1433786288183,91461975
2021-06-25,957.5499877929688,979.868355835384,946.9254774381874,979.868355835384,55355022
2021-06-28,949.1550903320312,967.5830690553377,946.8800342020979,965.535542609245,20277042
2021-06-29,949.97412109375,959.6203929887992,948.2906059997632,950.7476377872767,27144063
2021-06-30,960.3711547851562,965.8312654969786,951.4529057551116,953.8189497184267,19762858
2021-07-01,954.592529296875,966.0587979305755,953.2502184775107,963.715500911565,12534407
2021-07-02,968.7432861328125,970.4951021153942,952.3173409366497,954.1601447164786,14086620
2021-07-05,978.3668823242188,979.8911687487861,969.8581385815543,972.1104477919255,11702287
2021-07-06,966.8095703125,977.775345876362,964.7165499262375,975.9780960314433,10070124
2021-07-07,960.09814453125,968.1518891821571,954.6152867923088,968.1518891821571,10454892
2021-07-08,952.1581420898438,963.2377120648708,946.880007204719,963.2377120648708,11185460
2021-07-09,942.4208984375,951.7486525291566,940.1003484340649,950.0650773140198,9037675
2021-07-12,948.29052734375,956.207729408689,943.9223909587707,946.3111816946794,8585292
2021-07-13,955.3887329101562,956.9130192420056,950.0877909959721,955.525214607773,6717133
2021-07-14,949.1550903320312,958.6420731903104,946.9937689554591,955.6844881859736,8532544
2021-07-15,947.4943237304688,953.2502049164673,945.7425076403309,953.2502049164673,9448356
2021-07-16,961.1674194335938,962.2367066615387,949.8831264283724,949.951367281346,8828185
2021-07-19,955.0474853515625,966.4455126172754,951.9989126340373,955.525231478772,8354449
2021-07-20,952.7041015625,959.1653183707836,948.2450375383125,955.2976750301373,6741464
2021-07-22,964.9439697265625,966.4000152300578,954.683470529445,964.1704530749702,7972397
2021-07-23,958.1187744140625,971.200376447822,956.4579462312084,971.200376447822,9937030
2021-07-26,944.99169921875,965.0804452589716,942.3753787545852,959.1653356602167,12389668
2021-07-27,935.0496215820312,948.1084764530683,929.1345122097594,944.9689160871274,10824523
2021-07-28,927.0186767578125,936.414671001328,917.4178997988275,936.414671001328,12897848
2021-07-29,934.25341796875,943.8769425785124,929.7715466212894,934.5946824013536,13765738
2021-07-30,926.0859985351562,940.9421040230186,924.1748936428288,936.4147387774315,11350608
2021-08-02,943.012451171875,946.1520117827725,928.7478263645152,934.7312372274596,10925104
2021-08-03,949.9512939453125,951.4300863540562,939.2357958963441,950.9750871922383,11817299
2021-08-04,957.2315673828125,961.8954143261994,949.6100753022611,952.9771655453944,13169800
2021-08-05,971.1094360351562,980.4598768953389,957.4590392491626,962.0318984025091,21252078
2021-08-06,950.5428466796875,976.8880266163,945.8561927770681,969.1528000617284,16620987
2021-08-09,945.128173828125,950.8841149123823,940.2822912594686,946.8799898333923,7494143
2021-08-10,950.0878295898438,961.4404233933778,943.581178728171,947.3350273362742,11919198
2021-08-11,963.3970336914062,964.6255496425972,947.9721328249349,954.1375197102308,9184963
2021-08-12,960.3029174804688,967.4466034758628,957.8003316249841,966.8550623942889,8137612
2021-08-13,976.2965698242188,978.2304217625798,959.5976596459939,963.397002314041,12780901
2021-08-16,988.9686279296875,1002.3914951366927,968.3338340297282,977.980105672493,21935444
2021-08-17,984.759765625,994.2922421974579,977.2975624086582,986.8528461084586,12658169
2021-08-18,988.5819091796875,995.0203194571639,979.4589373887336,989.1961972236583,10075860
2021-08-20,977.4796142578125,988.2861007519195,972.3607078932538,975.09076320503,9426282
2021-08-23,983.895263671875,989.1961455676026,970.2221199980743,989.1961455676026,9854395
2021-08-24,993.6097412109375,997.3863365967811,980.823849400721,985.1237449789751,11864472
2021-08-25,1002.2095336914062,1010.1267969703356,991.9717803975888,994.383378575713,13380559
2021-08-26,1014.881591796875,1021.4565439234876,1003.3015280719944,1004.666585861122,18589616
2021-08-27,1013.4937133789062,1020.4782304762028,1008.3293734966592,1017.8618498448702,10480636
2021-08-30,1032.9910888671875,1035.539228921763,1017.7709708130757,1023.7771290070833,14027062
2021-08-31,1027.4854736328125,1039.1337183154053,1020.2507393885751,1036.016904489164,26485463
2021-09-01,1031.5577392578125,1043.2970916409213,1029.6922485674477,1034.2423608926047,11145486
2021-09-02,1043.9796142578125,1050.0767599227504,1026.052128476792,1026.052128476792,9956770
2021-09-03,1086.79638671875,1089.7539721580104,1047.665367387848,1051.0778919074535,30664428
2021-09-06,1103.67724609375,1128.4299004209945,1097.4889922462605,1097.944051619568,33641710
2021-09-07,1110.638916015625,1118.4195769224002,1097.4890117544835,1105.6792381399396,17349882
2021-09-08,1106.29345703125,1116.5995103115172,1095.054658449374,1115.6895119598441,14301651
2021-09-09,1103.67724609375,1109.2510915570197,1099.35460328716,1104.7237261918483,8963249
2021-09-13,1079.0838623046875,1107.0443192185294,1077.4913349676583,1107.0443192185294,16311160
2021-09-14,1077.67333984375,1089.2988378614205,1076.5584984650136,1080.6536720322044,8908356
2021-09-15,1082.155029296875,1090.0949179081745,1077.695905241629,1077.695905241629,9071075
2021-09-16,1104.8602294921875,1108.7505599524602,1077.0135078740498,1083.633953919053,13448882
2021-09-17,1087.72900390625,1117.441336518829,1080.9265822690465,1112.9594649804742,34882133
2021-09-20,1089.4581298828125,1100.3783514488218,1078.3785593037167,1079.3340516110384,11779819
2021-09-21,1094.1673583984375,1099.5819747220887,1084.7485569386888,1094.3038400919852,9915736
2021-09-22,1105.90673828125,1111.1392587944545,1091.2325487612284,1095.6689260415033,10995912
2021-09-23,1132.9344482421875,1136.1649964932392,1112.731907489886,1113.596411926489,15748397
2021-09-24,1129.6583251953125,1140.009872555042,1124.7897556991463,1139.1453680882425,15192163
2021-09-27,1148.655029296875,1151.134928281977,1126.2912870102596,1131.6149158288965,15373834
2021-09-28,1159.3934326171875,1167.0603586138618,1143.354184437372,1153.0004562253168,18035258
2021-09-29,1150.2022705078125,1169.380959813766,1146.6531442405346,1169.380959813766,9719875
2021-09-30,1146.2889404296875,1153.273457399079,1137.6892697076169,1148.9053210131074,13590654
2021-10-01,1148.3138427734375,1155.6395643825463,1135.2550471541776,1138.4173546931033,8958928
2021-10-04,1163.0789794921875,1171.587662580675,1154.38820045178,1161.645680951927,10918552
2021-10-05,1187.21728515625,1188.4913549848789,1159.0747363088924,1162.6011151090838,13533634
2021-10-06,1164.7625732421875,1192.1087413964174,1160.78125500237,1192.1087413964174,10258881
2021-10-07,1170.472900390625,1182.4624681330135,1168.334326130549,1180.7560859021983,6336665
2021-10-08,1215.450927734375,1221.4343385648037,1174.613532001241,1176.3197940015023,15772493
2021-10-11,1206.987548828125,1237.6326239992216,1203.6660128198464,1229.1694349795048,14768666
2021-10-12,1213.8809814453125,1220.7972576970285,1201.800425485858,1203.5068077762007,6682011
2021-10-13,1226.234619140625,1237.4051767394146,1214.563508294983,1218.9771386553036,9959762
2021-10-14,1228.7144775390625,1236.47251177523,1222.7083196035724,1228.6917305879201,8623469
2021-10-18,1231.9906005859375,1249.0079672854492,1211.3784935963072,1214.2450907648501,13594479
2021-10-19,1243.0245361328125,1251.8972908980181,1232.1725560059263,1239.3616754056989,8833409
2021-10-20,1228.7144775390625,1247.9842743668398,1224.6649184645307,1247.9842743668398,12710570
2021-10-21,1193.2689208984375,1241.2726844412653,1184.4871546113602,1240.9997210618956,20831669
2021-10-22,1195.4986572265625,1212.56163907253,1188.2639230760205,1192.1315066188683,11027475
2021-10-25,1183.850341796875,1219.4323525860245,1169.3809932455636,1219.4323525860245,17198417
2021-10-26,1210.809814453125,1214.3816877777629,1184.464630979062,1190.81211393416,9750178
2021-10-27,1195.4986572265625,1217.976256032517,1192.1087596672705,1206.691962726344,9896298
2021-10-28,1182.394287109375,1200.2990271301644,1178.7087994076896,1192.1315473309428,9886181
2021-10-29,1154.0244140625,1181.2795964610077,1138.3037421282204,1181.2795964610077,14233025
2021-11-01,1154.7296142578125,1163.0108284889366,1134.8455291099833,1154.0243384080532,15481114
2021-11-02,1137.89404296875,1159.3706543132414,1135.3687704240997,1158.005596587504,10569130
2021-11-03,1130.0677490234375,1146.630174581532,1119.7844438035129,1140.2826930467033,11989430
2021-11-04,1137.0068359375,1139.7596984467234,1132.9800238081948,1134.3222142818038,1705656
2021-11-08,1138.4173583984375,1146.63033145871,1117.6915164906068,1146.3572476973713,20337183
2021-11-09,1147.40380859375,1150.6798507830363,1131.637644937905,1139.805123815544,15682497
2021-11-10,1160.235107421875,1163.920714976533,1139.1908094185892,1145.1287260147478,10253470
2021-11-11,1162.3509521484375,1169.6083122656398,1153.7056670416569,1155.7532535702464,10722478
2021-11-12,1179.891845703125,1182.4627329223886,1163.4658971199558,1166.1505191092301,8712341
2021-11-15,1172.9300537109375,1184.03237124433,1169.3809275416072,1183.0312646799675,4803269
2021-11-16,1145.6749267578125,1171.6560383638487,1135.2551376309032,1170.3137274678447,11337581
2021-11-17,1121.1495361328125,1137.0521803529896,1119.784478533251,1137.0521803529896,10202029
2021-11-18,1125.381103515625,1132.5248489990865,1114.8020873378032,1119.3294522857677,8505625
2021-11-22,1075.53466796875,1114.3244768150466,1069.733232783756,1108.4548007788628,24124307
2021-11-23,1085.5902099609375,1092.5974730978412,1050.62261653349,1061.5655828726176,25326999
2021-11-24,1069.9154052734375,1096.5335515396243,1066.343532034508,1082.9287078531017,16820296
2021-11-25,1134.3221435546875,1138.4400635861748,1072.5315589664726,1079.7435455818988,42401936
2021-11-26,1097.7620849609375,1127.3378152568512,1092.7114193284249,1122.8786907081894,15763138
2021-11-29,1110.911865234375,1137.530130735484,1091.6193215192616,1109.819891228915,24325354
2021-11-30,1094.48583984375,1126.5642137673601,1086.9553960411952,1122.9695939867834,32172299
2021-12-01,1122.5147705078125,1125.699825172228,1103.4496957163708,1107.044315866843,10104610
2021-12-02,1129.7265625,1135.800961053092,1120.0575440347766,1123.7431517479451,12720411
2021-12-03,1095.78271484375,1136.8475802217874,1092.028866217897,1136.8020863205188,19222481
2021-12-06,1075.0113525390625,1103.404119692969,1072.5315739182363,1099.309066908383,10332254
2021-12-07,1083.7703857421875,1093.8488493527543,1073.8284038337267,1081.1768723394634,11235122
2021-12-08,1100.2646484375,1106.4982760975693,1094.8955253046402,1102.9947640848918,8744178
2021-12-09,1117.71435546875,1126.1093048249602,1103.404235637729,1107.9543482561612,13213547
2021-12-10,1118.851806640625,1122.0596079618992,1105.8383850496557,1110.343003210938,8364414
2021-12-13,1096.4197998046875,1125.7453143246432,1093.8489128488443,1125.4723509045855,12901733
2021-12-14,1082.996826171875,1094.758924705155,1079.925506579218,1082.9285853235253,12991523
2021-12-15,1079.8345947265625,1094.3039423247055,1074.3288697386265,1084.7486582787296,9366969
2021-12-16,1093.8033447265625,1099.0814796358936,1077.764217447417,1094.6223552854042,9761279
2021-12-17,1064.932861328125,1095.6689246022736,1055.6277943848347,1091.1415595298965,21049821
2021-12-20,1036.2215576171875,1054.6494737766875,1022.4573675126571,1054.6494737766875,14325846
2021-12-21,1051.6466064453125,1067.4582657288427,1042.9786937245733,1051.6921003499008,12836561
2021-12-22,1076.603759765625,1079.2428870970764,1056.5378228261459,1057.8572661376518,17658543
2021-12-23,1076.21728515625,1082.9287192621239,1072.941242613357,1080.19860357355,9072401
2021-12-24,1079.6527099609375,1088.3888637957136,1063.6134603280955,1078.3786398864759,7886494
2021-12-27,1078.4923095703125,1082.0186888381238,1068.413845410363,1074.5337382222722,4017223
2021-12-28,1091.30078125,1094.2356191315223,1079.766272622182,1080.9264873926504,6374613
2021-12-29,1093.1663818359375,1100.6740785888855,1083.884061988693,1087.9337410579972,15425312
2021-12-30,1073.4189453125,1094.2812707813944,1067.276305271878,1092.02896140955,29333171
2021-12-31,1077.5367431640625,1084.703115610681,1073.828388538488,1079.7435583793856,9477290
2022-01-03,1093.7806396484375,1095.6462506930534,1075.4437086416906,1076.1034905748938,5421611
2022-01-04,1118.4649658203125,1119.7845295836617,1093.8487950722674,1099.2635318209977,10847728
2022-01-05,1123.69775390625,1127.0649046036285,1107.0215901475167,1120.2397357543007,11643813
2022-01-06,1099.53662109375,1116.5996031111947,1096.123976548564,1115.3255331004264,14447422
2022-01-07,1108.4093017578125,1118.4422714413886,1097.2842377517782,1106.111498715673,13112115
2022-01-10,1109.3193359375,1117.9646215781718,1099.3318598320666,1115.6895654128748,9246731
2022-01-11,1117.304931640625,1126.1320732620725,1107.9543693940097,1108.4094288062329,16205164
2022-01-12,1147.130859375,1148.8827357783716,1121.604686652831,1124.471284081761,14800442
2022-01-13,1153.592041015625,1156.1856749337926,1141.3522552982324,1147.19918473575,11856712
2022-01-14,1155.2755126953125,1168.1523329319614,1149.2921017722908,1153.455515914101,19930176
2022-01-17,1161.3043212890625,1167.1057561240766,1154.3654186486065,1154.82047798332,8036453
2022-01-18,1147.4493408203125,1165.9000062324892,1144.6964783846606,1162.4419883292344,6215029
2022-01-19,1147.3582763671875,1156.6404758295853,1141.6250823732196,1151.1803655784236,9755485
2022-01-20,1127.26953125,1142.0574560089742,1117.054465620327,1137.5528377304774,16494486
2022-01-21,1127.4515380859375,1138.5538554378697,1115.6895591579548,1115.6895591579548,13338594
2022-01-24,1081.97314453125,1139.6914253053906,1071.5988501296624,1126.1547030087693,21868937
2022-01-25,1079.8572998046875,1086.8644436444313,1048.802657948011,1069.0734401117095,24510205
2022-01-27,1063.8636474609375,1072.053874198635,1051.5556205791781,1062.9081551085756,20020431
2022-01-28,1062.83984375,1081.0630398643073,1059.4500666597933,1076.103482458547,14667727
2022-01-31,1085.9317626953125,1094.9409997464795,1072.0993294430996,1073.91944662709,12143683
2022-02-01,1082.337158203125,1101.402112704543,1067.9587979070466,1095.6690383601324,13200509
2022-02-02,1084.5439453125,1095.2139504085303,1080.6991087798986,1095.2139504085303,10017691
2022-02-03,1070.5294189453125,1092.6885576552872,1068.0041465713055,1088.3886622160464,9572839
2022-02-04,1060.76953125,1068.5730594354839,1056.1284310635565,1065.183161923649,11061241
2022-02-07,1054.308349609375,1072.3723159767667,1048.8026250078512,1065.638135750538,10714467
2022-02-08,1072.0311279296875,1073.8284982281216,1051.0778148959062,1060.4738708218974,12060849
2022-02-09,1084.5211181640625,1086.204633140618,1072.918368570495,1078.901658786714,11486225
2022-02-10,1083.406494140625,1090.0723137940836,1076.1490130370194,1090.0723137940836,12464491
2022-02-11,1081.290771484375,1084.9763797727574,1066.5938322384645,1079.857472685879,15943370
2022-02-14,1064.0684814453125,1071.5306852913075,1052.4428632313213,1064.841998172486,10719633
2022-02-15,1100.1962890625,1102.903657466319,1062.77153947328,1069.824176996969,11212671
2022-02-16,1097.92138671875,1107.0443589837334,1090.186219274119,1105.6793011160346,10392840
2022-02-17,1111.82177734375,1117.0089242641513,1096.5789142269996,1101.1745201113265,12853252
2022-02-18,1103.1312255859375,1117.6915612787002,1101.1973736454247,1112.2314504381943,6775458
2022-02-21,1091.9832763671875,1109.0917498883975,1085.0216268966433,1097.488880416598,11107193
2022-02-22,1087.023681640625,1090.1633625619224,1067.9814753307442,1070.5977356852184,13494914
2022-02-23,1080.2213134765625,1095.0092390254035,1077.468571284383,1092.5294602510214,7310110
2022-02-24,1026.3931884765625,1064.6825598160908,1020.7738499237835,1048.8025425531248,24846650
2022-02-25,1039.2247314453125,1050.1449523145036,1035.7210994030459,1037.4728552470633,14570089
2022-02-28,1073.62353515625,1077.1726610969984,1020.5919703644313,1020.5919703644313,21297446
2022-03-02,1091.3690185546875,1092.4838597770897,1059.8139450476658,1062.2027357830907,21471786
2022-03-03,1082.155029296875,1098.7856965324477,1078.4011810031334,1092.0287696037128,10186748
2022-03-04,1058.153076171875,1075.7847283180931,1055.7870326112634,1070.6430757949283,10805667
2022-03-07,1019.0222778320312,1052.0334004268125,1011.0367738665514,1036.835909210037,17983310
2022-03-08,1017.1793823242188,1021.9570845268837,991.9262347785383,1006.2591006780564,21289374
2022-03-09,1071.143798828125,1077.01347494328,1016.565078233395,1017.406956117863,20414228
2022-03-10,1088.50244140625,1094.3038764083778,1073.8283721325647,1092.028820377732,17980493
2022-03-11,1091.6419677734375,1097.0339575128753,1081.1311923906428,1081.1311923906428,12257423
2022-03-14,1100.6058349609375,1103.1312280003071,1080.1985698532058,1086.0682461878607,8340678
2022-03-15,1075.398193359375,1104.7464533796308,1065.1148867530296,1104.7464533796308,15925769
2022-03-16,1093.5531005859375,1095.6234340578644,1081.609026403429,1083.8385885222203,11149828
2022-03-17,1129.2032470703125,1136.3468717821495,1098.8993784397219,1106.9303748135985,21422098
2022-03-21,1122.69677734375,1130.2499690830255,1109.7744623583415,1112.0495186610842,11999466
2022-03-22,1151.7037353515625,1153.4327442921551,1116.417558596963,1119.3750232146147,22557065
2022-03-23,1155.366455078125,1167.0375661035232,1147.9953600851836,1147.9953600851836,15462187
2022-03-24,1173.3167724609375,1175.8194185614975,1142.0802732954487,1142.0802732954487,13168266
2022-03-25,1181.1429443359375,1190.3114093068612,1172.5659000566366,1175.0685459381182,14222488
2022-03-28,1193.0189208984375,1196.5679268909805,1176.88868384816,1187.581436439095,9891424
2022-03-29,1193.291748046875,1200.321638726132,1186.3983390664755,1200.321638726132,8684065
2022-03-30,1216.2244873046875,1223.0724028520565,1190.8120505919683,1201.1863453712592,15811550
2022-03-31,1198.8428955078125,1214.7456618708436,1196.0446595036312,1212.584340487485,13223718
2022-04-01,1208.443603515625,1212.6752582349072,1193.0415116671982,1199.4116203413212,7922880
2022-04-04,1212.0155029296875,1217.157156093152,1201.9825334062043,1208.2616544203254,7929162
2022-04-05,1194.8843994140625,1214.836726034793,1192.450114468768,1206.2824277666361,13149870
2022-04-06,1191.69921875,1198.7291094168588,1177.1616311168914,1177.1616311168914,12257215
2022-04-07,1170.6776123046875,1185.7612463786218,1168.0157378896517,1180.8015690820077,15496499
2022-04-08,1190.1522216796875,1194.4066235414564,1164.8307737717014,1164.8307737717014,15152495
2022-04-11,1187.67236328125,1200.5719293490686,1175.2959770389286,1183.0311432189874,9254209
2022-04-12,1165.3087158203125,1184.214442712084,1162.7378287017318,1177.116189798847,13217742
2022-04-13,1161.031494140625,1179.6642564336455,1158.2331376653574,1171.4285360239392,10354235
2022-04-18,1157.4822998046875,1164.7397805103374,1147.4493300930017,1152.545489452205,9974224
2022-04-19,1201.595703125,1213.972089786732,1160.7584292751112,1163.920736701103,26141820
2022-04-20,1236.9273681640625,1244.0028730390352,1205.3722941596611,1209.0124078704498,25072240
2022-04-21,1265.888916015625,1269.0284764486553,1243.0927417436083,1251.692532864583,21708633
2022-04-22,1255.287353515625,1274.9438501458906,1248.6441600419914,1255.3328474216894,15054154
2022-04-25,1226.2574462890625,1255.1051538112451,1211.9928211860372,1247.825046254362,17063215
2022-04-26,1262.9541015625,1271.7586153913803,1232.0360622414871,1233.0825422871724,12227666
2022-04-27,1264.1827392578125,1286.7740721528176,1253.5808548135026,1253.9449263825297,19338945
2022-04-28,1283.0655517578125,1297.2391870846068,1267.7088344271938,1278.5609339308398,25614076
2022-04-29,1269.597412109375,1299.5827089210004,1263.7049887259216,1299.5827089210004,18214862
2022-05-02,1265.13818359375,1276.5362108883514,1254.9458650066724,1256.7432351242765,9467006
2022-05-04,1225.6431884765625,1269.4836653281736,1217.7487926896627,1267.2086090941277,19247660
2022-05-05,1201.6412353515625,1242.18280014838,1197.591676403661,1239.2252151754037,17210669
2022-05-06,1192.4273681640625,1209.8770486382089,1180.0964740571924,1188.5825314734366,19649948
2022-05-09,1145.8568115234375,1181.711782557566,1140.715158224648,1171.6331985147315,18083752
2022-05-10,1125.995361328125,1149.6332918929572,1118.4194240193035,1135.2549338699698,19511677
2022-05-11,1114.4609375,1130.6821606199796,1102.0163098457965,1125.0854480941018,16643899
2022-05-12,1091.7559814453125,1107.8860980458353,1078.3786071325271,1104.5418146447614,20490321
2022-05-13,1104.1322021484375,1127.5197990708434,1099.0132956252583,1103.8592387327842,19308778
2022-05-16,1104.4053955078125,1128.8849688761652,1099.6049458265497,1107.7041851912536,13437911
2022-05-17,1150.7935791015625,1155.6850157625827,1106.5891549718588,1107.9997065605392,16551828
2022-05-18,1154.979736328125,1169.3808421611643,1141.2839062872033,1155.5712773721964,17276788
2022-05-19,1128.361572265625,1143.2177387581737,1122.0824507846328,1130.2499303127915,14699118
2022-05-20,1194.15625,1203.2337272058603,1138.4400638194588,1143.2176453948912,21793091
2022-05-23,1186.1708984375,1207.3971730449673,1179.8461630484092,1197.364082975496,15252755
2022-05-24,1190.2431640625,1200.3216273375488,1181.984697463416,1186.2163522132455,13527818
2022-05-25,1188.491455078125,1208.8304783808387,1183.713752995507,1198.956737262974,12714544
2022-05-26,1177.1617431640625,1198.911319486633,1159.3707382493358,1194.1336171006558,17882023
2022-05-27,1171.7015380859375,1185.3746228810087,1155.7761439362052,1179.8690179099194,16521973
2022-05-30,1212.5159912109375,1216.7020315446362,1180.392124401247,1189.8562993151577,13853398
2022-05-31,1197.887451171875,1218.8862574674567,1190.1750310186887,1201.8687694825662,70620653
2022-06-01,1198.2742919921875,1208.1480337988985,1190.402522676765,1198.638243225424,9776989
2022-06-02,1239.5892333984375,1243.2975879303071,1198.5016232049925,1198.5016232049925,22126569
2022-06-03,1264.705810546875,1281.9280190654463,1247.6428306711036,1248.552949338414,23939791
2022-06-06,1259.2686767578125,1280.403966122388,1252.1021829834976,1264.9336309179137,11093152
2022-06-07,1261.634521484375,1269.9839758549958,1252.215840132052,1260.337704653236,12358255
2022-06-08,1239.4755859375,1265.3884552322884,1235.949206752914,1261.6346065371608,12479250
2022-06-09,1273.4649658203125,1275.3986973973456,1233.082627965682,1233.082627965682,17278305
2022-06-10,1235.016357421875,1269.4380277636071,1229.2149225576165,1261.2478021770742,18093057
2022-06-13,1211.6514892578125,1216.156107684235,1190.4479609930536,1205.7819334162448,17620803
2022-06-14,1195.817138671875,1215.7239712861199,1189.151198531051,1205.8047355842045,14714312
2022-06-15,1181.34765625,1200.0031636736535,1175.9330397958033,1191.0166743810375,11195535
2022-06-16,1164.8306884765625,1209.8996152953227,1162.1005732041187,1193.4964174203167,17111475
2022-06-17,1178.4810791015625,1194.3382305909047,1163.0562400137392,1164.830742811065,24457187
2022-06-20,1157.118408203125,1190.8120593552974,1147.1308115234453,1185.3063342518615,12066797
2022-06-21,1175.796630859375,1180.0281654943678,1150.4069416324683,1164.830795221328,11720049
2022-06-22,1140.0782470703125,1164.0573868656688,1137.9851663317936,1163.9663990536787,10617206
2022-06-23,1121.5819091796875,1148.9054514666468,1112.5044311379243,1144.3780859216936,19446323
2022-06-24,1137.5528564453125,1142.5351607614082,1122.9696539988313,1128.429884986889,14240234
2022-06-27,1134.1856689453125,1157.9828298757552,1129.1350035879693,1157.9828298757552,15474529
2022-06-28,1150.1339111328125,1152.9777615415514,1129.3854414043199,1129.3854414043199,13572847
2022-06-29,1173.999267578125,1181.6663139665932,1137.985067118919,1140.8061704616555,19205146
2022-06-30,1181.052001953125,1190.2659611777156,1167.5608938992502,1173.9310028878358,23112959
2022-07-01,1095.9874267578125,1179.3911062938287,1076.103462886294,1171.610445710058,81997149
2022-07-04,1098.2625732421875,1111.1393942579136,1076.6039843933402,1082.450913964659,41857728
2022-07-05,1107.1580810546875,1121.5591886498996,1099.8096118894064,1102.4942336887211,17647327
2022-07-06,1097.420654296875,1111.11648393539,1086.568674692882,1101.1745026432604,23943726
2022-07-07,1086.6143798828125,1107.1581283353146,1080.6537152674268,1103.8138447737972,23301033
2022-07-08,1088.1158447265625,1100.2191487523794,1084.0889121323955,1100.2191487523794,19010108
2022-07-11,1102.9036865234375,1105.1331283386687,1078.3785026593284,1081.336087585235,13847467
2022-07-12,1101.3338623046875,1110.092882939669,1093.8489116704193,1093.8489116704193,10778989
2022-07-13,1081.8138427734375,1107.4993634434227,1079.7436294761944,1104.4507905221294,14224132
2022-07-14,1090.7320556640625,1107.4765795757364,1081.540843303509,1086.5687619025882,16970315
2022-07-15,1092.847900390625,1098.8540583216684,1084.33921677306,1098.8540583216684,9603210
2022-07-18,1102.1529541015625,1103.4041567519191,1088.5252438187727,1101.584159976362,15160908
2022-07-19,1108.9100341796875,1113.4146531905901,1092.1655079124582,1092.1655079124582,16439888
2022-07-20,1138.89501953125,1156.8679986086788,1131.2735877067614,1155.730530749646,23924246
2022-07-21,1131.29638671875,1137.5301345200253,1122.6512213878611,1134.8000189659344,16523230
2022-07-22,1138.940673828125,1144.9468316984942,1135.2550660118313,1137.5301221641155,10969995
2022-07-25,1101.31103515625,1122.7194053701078,1093.3938930172108,1122.7194053701078,23110452
2022-07-26,1101.8115234375,1112.003841391494,1097.1931707363617,1101.6295478483066,11303288
2022-07-27,1100.76513671875,1104.3141424256505,1092.938861823789,1101.1063409773997,8655086
2022-07-28,1118.0101318359375,1122.9469424061926,1101.5841851617515,1108.4093537574902,12496073
2022-07-29,1141.8299560546875,1145.3108414909532,1121.1497270683567,1126.018296934473,15130683
2022-08-01,1171.5877685546875,1177.4574449449278,1140.9881839019702,1146.2435722402156,15700044
2022-08-02,1176.046875,1186.5803984650074,1165.5360984864087,1170.5185233262116,13917913
2022-08-03,1185.9205322265625,1187.5813002703721,1168.220637135406,1183.0311881851292,14250977
2022-08-04,1170.2454833984375,1191.1078085473182,1153.4555848310504,1187.5814291745087,14467127
2022-08-05,1153.0003662109375,1173.384882192994,1149.7925649671015,1172.1109326876474,13942438
2022-08-08,1168.0841064453125,1175.546309977684,1151.6354129424305,1151.6354129424305,10165178
2022-08-10,1175.068603515625,1178.4356336498447,1163.4884798945134,1172.5204636099309,10724688
2022-08-11,1178.981689453125,1187.5358669102814,1174.0220116644236,1184.4418001629217,8198226
2022-08-12,1198.046630859375,1201.845973401522,1174.9321182963517,1178.6176057306407,12650587
2022-08-16,1206.373291015625,1209.1034064115306,1195.4530701404663,1204.052741070798,6607378
2022-08-17,1212.67529296875,1218.0216687174445,1208.3071564277768,1212.6070521185068,6595965
2022-08-18,1214.87451171875,1218.3894546289891,1205.24240897424,1214.2810405952932,7410035
2022-08-19,1193.2137451171875,1215.0571053038057,1189.1508525921777,1209.7161065799955,9460724
2022-08-22,1189.9041748046875,1201.1796443626376,1180.500403489611,1194.6518235506749,9471680
2022-08-23,1208.25537109375,1211.1769638327753,1182.9425882434618,1184.152351743722,9678484
2022-08-24,1205.036865234375,1218.8459658923068,1203.0283609817777,1205.1967341552863,10369622
2022-08-25,1201.52197265625,1215.6048071686444,1197.2080472965745,1209.2367351350583,7871946
2022-08-26,1195.1080322265625,1209.715993824914,1190.0866510806784,1201.9554689456972,10742038
2022-08-29,1185.8184814453125,1211.9985882371661,1176.8711343003506,1180.0437597555986,19838975
2022-08-30,1204.2152099609375,1207.5477042577893,1176.2091689010513,1193.282179919688,23139054
2022-09-01,1168.8138427734375,1189.1507627907063,1164.3858118822848,1178.9709525719995,19909939
2022-09-02,1155.1646728515625,1175.638520959865,1152.9734784565321,1168.8139049237643,12999345
2022-09-05,1173.10498046875,1178.445978943139,1155.3928563937116,1155.3928563937116,11327815
2022-09-06,1185.4532470703125,1189.6302455363334,1174.1093147173583,1174.5658588505653,10899618
2022-09-07,1178.56005859375,1184.5629915454858,1173.196239070829,1175.4787180326446,7488501
2022-09-08,1180.226318359375,1185.978218827882,1173.6528558204227,1181.527366464761,7057077
2022-09-09,1172.876953125,1191.4562844933055,1170.45742597898,1191.4562844933055,8314850
2022-09-12,1186.0010986328125,1192.369291715923,1173.4474025715353,1173.4474025715353,7435419
2022-09-13,1195.906982421875,1200.4491194045427,1187.3477160754526,1195.1081207827935,8888657
2022-09-14,1181.572998046875,1191.4561336808906,1174.451706778856,1175.4787801044877,8678219
2022-09-15,1169.864013671875,1188.5118075681453,1167.147811442509,1179.1308576947656,10365600
2022-09-16,1140.87646484375,1165.4360295150038,1137.1331890610516,1161.2133883938545,20217708
2022-09-19,1142.3599853515625,1151.6040077939597,1132.7278822878002,1140.876367867208,7580254
2022-09-20,1142.54248046875,1158.4514907194557,1138.8220264150539,1151.4898271317024,8411448
2022-09-21,1145.6923828125,1156.3059159956042,1138.9590517800352,1139.7579133773165,9207309
2022-09-22,1134.896240234375,1142.6110027498532,1128.5053470017444,1134.8505978968233,10308170
2022-09-23,1113.62353515625,1139.3927402184245,1112.0714541784876,1134.394179751921,9528051
2022-09-26,1085.252197265625,1103.7175409409906,1084.2479451217905,1092.8756748841324,12479523
2022-09-27,1093.880126953125,1107.460896407162,1077.3777647816369,1092.8529328199063,16154822
2022-09-28,1064.7554931640625,1085.5489575446488,1062.3132660155625,1077.491757249726,16997059
2022-09-29,1061.49169921875,1080.7557852500533,1055.8767254588533,1077.3321267840065,14671827
2022-09-30,1085.434814453125,1096.5047707006538,1054.9636064469146,1054.9636064469146,18613024
2022-10-03,1081.6688232421875,1103.3294933419215,1078.7015883112226,1091.7117072217247,11852723
2022-10-04,1101.61767578125,1103.808870249341,1091.095426399377,1094.587668996287,8948850
2022-10-06,1105.680419921875,1118.4166846220046,1103.87730611944,1108.830344904405,13352162
2022-10-07,1110.359619140625,1115.6321543527151,1102.2795971833257,1102.2795971833257,7714340
2022-10-10,1098.239501953125,1103.6261422996602,1090.113838728358,1097.8742425541366,6329527
2022-10-11,1076.373291015625,1101.982746487589,1073.2691292307711,1101.982746487589,9215177
2022-10-12,1084.2935791015625,1087.2379927529598,1069.6171531804475,1073.6800455545388,7417103
2022-10-13,1087.7401123046875,1092.8527780894253,1077.3776122421918,1082.5360411069073,7328492
2022-10-14,1082.2164306640625,1103.0555367494892,1081.4860325836341,1102.4392445024225,9106089
2022-10-17,1099.586181640625,1101.9827665257233,1069.845490552908,1075.0495620947684,16729355
2022-10-18,1118.9873046875,1124.3511243615108,1104.7902440911478,1105.634748048647,12415820
2022-10-19,1138.4569091796875,1153.9550179585947,1114.6277458530562,1120.4709308445554,19247142
2022-10-20,1141.5155029296875,1149.9150215278255,1134.3942113183082,1134.3942113183082,8717053
2022-10-21,1128.2769775390625,1148.9106943491454,1126.177188586748,1144.7565172867282,8243452
2022-10-24,1132.0430908203125,1142.382770547029,1120.836206695688,1122.9816380159375,3370033
2022-10-25,1114.559326171875,1140.785075413764,1112.9387816840604,1140.785075413764,12233241
2022-10-27,1118.941650390625,1126.8391025996318,1110.5649536618178,1122.0686333408069,12513059
2022-10-28,1153.178955078125,1157.218905475806,1122.730566891981,1125.2640787350124,17609592
2022-10-31,1163.8839111328125,1169.065162018063,1155.9408156542663,1159.9580661075936,12419943
2022-11-01,1154.8680419921875,1186.8912136799254,1144.8936213637878,1186.8912136799254,13963166
2022-11-02,1162.08056640625,1164.1576549471247,1148.0890168960855,1155.986348539346,8981896
2022-11-03,1166.417236328125,1168.4258612328554,1152.6767205686606,1154.8679148064807,6693449
2022-11-04,1183.5816650390625,1186.8912175642852,1164.568612402097,1165.8467186255812,12575815
2022-11-07,1189.9041748046875,1191.5933036815059,1175.0224772794022,1182.7828828061095,11789748
2022-11-09,1188.71728515625,1196.9114132053803,1182.3490921570585,1191.5932354947927,11254205
2022-11-10,1174.3375244140625,1185.3161961635597,1170.0007782161263,1182.3261403082447,5966242
2022-11-11,1201.407958984375,1203.3251787933696,1181.4133535308406,1186.8912796597394,12310132
2022-11-14,1195.58740234375,1206.0640083384951,1189.2420312652064,1200.9284005914947,9043112
2022-11-15,1190.2237548828125,1198.9427700567662,1182.3263018305277,1197.0711926191022,7086433
2022-11-16,1183.3990478515625,1194.1723297469184,1178.3775455967132,1191.4561277313167,9716161
2022-11-17,1186.4576416015625,1192.8257139314462,1177.7613269715819,1180.0209850155613,6661451
2022-11-18,1185.8184814453125,1190.9997319984882,1173.6985088451027,1189.9725379072304,5303197
2022-11-21,1164.477294921875,1181.413258441568,1160.9165888885639,1181.413258441568,6390268
2022-11-22,1170.9366455078125,1172.5115476255721,1157.9037056180239,1161.783907991267,6611488
2022-11-23,1167.28466796875,1176.80266503484,1165.0934735308952,1175.4787957552544,6413408
2022-11-24,1177.3504638671875,1184.1522586948402,1163.2446877659072,1171.3703518394527,9389439
2022-11-25,1194.925537109375,1198.2579106358316,1178.7198513447252,1181.8697762735126,7349922
2022-11-28,1235.9874267578125,1242.1501079495758,1142.1545139312134,1190.9540185279361,31527484
2022-11-29,1238.110107421875,1246.9889910362924,1229.8018737736188,1234.3440108402901,11058913
2022-11-30,1246.85205078125,1253.288707028199,1231.7192011093234,1238.247142030381,26164986
2022-12-01,1243.1771240234375,1257.648037723801,1239.8447507387561,1251.6222838141432,9485801
2022-12-02,1242.6522216796875,1254.4526976676975,1232.8147284105949,1246.235748845341,11589592
2022-12-05,1224.5294189453125,1240.1872774344642,1222.4980932976318,1238.0189040182454,14828536
2022-12-06,1228.067138671875,1231.1713003979203,1214.737403586102,1216.6091015367565,8594245
2022-12-07,1209.9442138671875,1230.2583124986502,1206.1324752746186,1225.6933546542932,8462111
2022-12-08,1209.37353515625,1216.5634100007333,1205.1966579940977,1214.2809311328976,7757008
2022-12-09,1191.04541015625,1214.2811038799705,1187.7357368415526,1207.8900896926802,12655763
2022-12-12,1192.871337890625,1197.3906539089487,1180.0437880026634,1180.272120443367,9479842
2022-12-13,1198.3037109375,1201.9555809304147,1189.9497141999723,1192.8713067918438,8333348
2022-12-14,1193.9669189453125,1204.6717371538757,1191.9126515922892,1204.0782660411908,7268947
2022-12-15,1177.0079345703125,1193.738505954403,1173.6527401257097,1188.0323691325584,8688551
2022-12-16,1171.1876220703125,1195.4733287956508,1167.7867851451592,1173.6527911334736,15837349
2022-12-19,1186.5716552734375,1188.7172073020977,1171.6898388274747,1178.2177795852808,7729933
2022-12-20,1196.8428955078125,1198.76011514875,1171.3703661582176,1179.5416726679264,7467588
2022-12-21,1179.8155517578125,1201.9555872542346,1175.9809916475376,1196.477661489117,8527550
2022-12-22,1176.7569580078125,1189.013856887232,1171.7126347696108,1185.9781586267084,7451122
2022-12-23,1142.245849609375,1182.554553491853,1137.703712598857,1170.137785137051,10257115
2022-12-26,1152.22021484375,1160.414342154975,1137.7721216907048,1147.9748739735228,5990242
2022-12-27,1161.6468505859375,1163.518427683626,1148.2030104259682,1154.9363410889032,5763271
2022-12-28,1161.5328369140625,1163.9750640999512,1151.0562304776126,1158.5884232916014,7459393
2022-12-29,1161.0079345703125,1163.5642678265237,1152.8822699122077,1153.567025752554,6930648
2022-12-30,1162.7880859375,1176.3916749175478,1160.0035413220228,1161.829476176333,7289476
2023-01-02,1175.8896484375,1177.3048023328713,1163.244668797144,1164.066351583663,5316175
2023-01-03,1167.28466796875,1174.565828259546,1163.0621480210023,1170.9366586985077,7658932
2023-01-04,1149.7095947265625,1169.1107276232437,1147.6325061253483,1167.2618507099899,9264891
2023-01-05,1147.6551513671875,1157.8579027119602,1143.0673726609064,1151.969076089896,13637099
2023-01-06,1158.0863037109375,1163.1306272948216,1149.5955006159752,1153.4072395784428,6349597
2023-01-09,1185.4302978515625,1187.8041821914996,1161.0306065888913,1161.9207528429104,10722753
2023-01-10,1167.9010009765625,1189.6302560157692,1162.240505708343,1189.6302560157692,8047142
2023-01-11,1153.178955078125,1167.7183330231771,1150.873534164056,1165.207642347734,11509553
2023-01-12,1128.2769775390625,1156.077627831873,1125.2641003718309,1152.5855061360771,17688773
2023-01-13,1126.4510498046875,1128.870455871767,1111.3866638722207,1122.2512303793665,20618583
2023-01-16,1115.7232666015625,1131.9516507675492,1107.9170998757675,1128.7790258124799,13623855
2023-01-17,1131.5638427734375,1133.481062404078,1118.6906511572718,1122.0686670526488,10751000
2023-01-18,1129.692138671875,1137.178689301756,1123.1414974309203,1129.1444306357287,13448286
2023-01-19,1128.482421875,1132.6364779441453,1121.4522950704254,1128.8703817084495,11940054
2023-01-20,1115.0615234375,1129.8291140692525,1112.596474928504,1129.8291140692525,14930286
2023-01-23,1109.4237060546875,1125.811961602633,1107.004299933337,1117.960272105855,10954118
2023-01-24,1102.873046875,1115.51790607312,1089.8171651533376,1113.851719292168,16488755
2023-01-25,1087.6258544921875,1102.3022790893294,1086.4618542855478,1101.275205877952,12385018
2023-01-27,1066.992431640625,1089.817223588686,1055.260418546103,1088.4706538388855,25830975
2023-01-30,1077.218017578125,1082.764407064242,1050.3987961919847,1064.4132886312711,21772103
2023-01-31,1074.524658203125,1089.954304973748,1068.6586514749204,1087.37502974843,22691594
2023-02-01,1068.1566162109375,1086.439272024598,1052.224782493373,1086.439272024598,19347800
2023-02-02,1062.244873046875,1071.8540341073915,1054.9637127057106,1058.1591593362568,13662663
2023-02-03,1063.1805419921875,1072.3104574781503,1046.7466458186898,1072.3104574781503,24699575
2023-02-06,1055.1690673828125,1059.528634971871,1052.5899131464937,1056.7896118119152,14837879
2023-02-07,1052.6356201171875,1062.4502927137798,1046.7467924098464,1055.4202857843334,15135435
2023-02-08,1073.6572265625,1077.2863960062462,1053.137736379797,1055.8766387784026,21160332
2023-02-09,1075.5289306640625,1082.2850839057578,1065.4632246870067,1074.3421090421186,13172763
2023-02-10,1066.6728515625,1075.0039060071294,1059.6655455942528,1075.0039060071294,10790445
2023-02-13,1060.6014404296875,1072.7670546240697,1056.127767130611,1068.293381324993,10352493
2023-02-14,1085.5946044921875,1087.329254712915,1060.738368480938,1063.6143185684562,14321920
2023-02-15,1110.1768798828125,1112.5735854842064,1083.2664969637603,1084.6358877756606,33503591
2023-02-16,1109.3095703125,1124.7163944448255,1107.0270912647763,1118.1656324865594,17264487
2023-02-17,1113.9429931640625,1117.2754874405753,1100.4306882070916,1104.7217922905263,11809520
2023-02-20,1102.16552734375,1118.3026298698114,1100.2025445254703,1116.13425652598,8836937
2023-02-21,1111.1585693359375,1116.9559918914763,1101.2296696771075,1106.5479683974272,13311592
2023-02-22,1085.9598388671875,1109.2868172204335,1084.2023673241313,1107.4380609994967,11024335
2023-02-23,1080.755615234375,1093.1952035465454,1077.948249542989,1085.5489053785018,9851910
2023-02-24,1088.1510009765625,1093.8344379808216,1080.9840672539892,1082.8100022510873,9434053
2023-02-27,1080.91552734375,1090.8672478016565,1073.543202799622,1087.3750050988056,11199715
2023-02-28,1060.2362060546875,1080.5274845520237,1056.1734344203933,1075.5516247048565,21994038
2023-03-01,1069.982421875,1070.712820002187,1060.5557097259696,1070.0280642112666,11551145
2023-03-02,1061.833984375,1073.5203549354069,1059.802538079039,1066.8326656493814,9333535
2023-03-03,1088.927001953125,1092.6018137297042,1068.909698230002,1072.3789987479975,14643807
2023-03-06,1099.5633544921875,1106.8216933590497,1095.5918675399987,1095.5918675399987,10171916
2023-03-08,1103.51220703125,1104.2654263644915,1088.7444955670887,1099.563420263857,15782657
2023-03-09,1076.9896240234375,1103.3066574341256,1075.095225544964,1102.8958764013148,16235128
2023-03-10,1060.3046875,1070.0280749321848,1056.8124450060086,1068.8868957671646,13334091
2023-03-13,1042.8665771484375,1070.0281154160118,1038.5298305140532,1063.1806779260546,12771592
2023-03-14,1038.9635009765625,1052.2018311560978,1035.8136967949142,1040.812257084253,16027522
2023-03-15,1021.2057495117188,1049.1661484530055,1016.800539526596,1042.6839706485123,21728555
2023-03-16,1016.1157836914062,1028.9433330363881,1005.2968594074098,1023.921951504309,18363159
2023-03-17,1014.8377075195312,1028.007574780085,1010.0901194945558,1024.7208434439497,34014213
2023-03-20,1004.8631591796875,1013.4224856028961,995.1625932582816,1011.1400066065017,19524589
2023-03-21,1036.1103515625,1038.0733342187905,1012.0529769869939,1012.9431232711898,21400360
2023-03-22,1039.26025390625,1046.0392280531037,1036.2473765076484,1043.0948141638403,10920094
2023-03-23,1026.11328125,1036.2018087285126,1023.94490772414,1035.3344834675563,16249370
2023-03-24,1005.7990112304688,1027.1174243598298,1003.3796050761481,1024.9490510644619,12375945
2023-03-27,1021.4339599609375,1028.9433318287538,1004.383890745215,1012.2812828490338,14054323
2023-03-28,1026.2044677734375,1030.0846702786253,1021.1829653124684,1024.8349561252708,12576424
2023-03-29,1020.133056640625,1024.7436572444662,1009.3597140789179,1022.0959186617868,18804065
2023-03-31,1064.116455078125,1069.7770709600845,1029.2629756900762,1029.3999027039445,28171201
2023-04-03,1064.299072265625,1072.3106311531849,1056.7896998650788,1070.4846960590223,10293043
2023-04-05,1061.7427978515625,1071.8541464339423,1053.8454651230938,1071.8541464339423,16262928
2023-04-06,1068.8638916015625,1074.592970502133,1058.2275373074351,1058.2275373074351,18435046
2023-04-10,1061.2861328125,1072.9496819536614,1059.779694186431,1072.7671126043012,12961408
2023-04-11,1066.535888671875,1068.6586196822263,1060.9210357303307,1065.4631729553812,10542367
2023-04-12,1071.2379150390625,1080.8927189104256,1063.660079131172,1066.5359087914262,18179087
2023-04-13,1075.27783203125,1079.9797173840186,1069.1151503508545,1074.1365320735108,12378208
2023-04-17,1080.73291015625,1106.9814803229494,1072.333391852291,1106.9814803229494,17929479
2023-04-18,1068.3619384765625,1085.0925121063174,1061.8111761257844,1085.0925121063174,10405576
2023-04-19,1073.6800537109375,1076.3733137885806,1064.64142217666,1067.768405195298,12273475
2023-04-20,1070.9638671875,1076.8755157885284,1064.595795217696,1074.638679040759,7007330
2023-04-21,1072.3106689453125,1077.7885951677931,1066.5587679261996,1073.0638883289137,7647317
2023-04-24,1076.4190673828125,1086.8727319946267,1071.8539885727766,1084.1794719407253,12936186
2023-04-25,1084.65869140625,1086.7357798786459,1072.9952636709509,1080.0709122812248,9236126
2023-04-26,1078.290771484375,1089.2467445727555,1074.6159592843226,1086.005534613959,8617834
2023-04-27,1085.115234375,1088.2878596252956,1079.1579437194785,1084.1794457664448,9167125
2023-04-28,1104.949951171875,1106.5021527689444,1087.2607695641375,1087.3748753991613,15565210
2023-05-02,1114.3310546875,1116.4994278601828,1108.4194062766874,1112.1170391794083,12981805
2023-05-03,1104.767333984375,1116.1340858641377,1101.549066588438,1116.1340858641377,7061872
2023-05-04,1117.5037841796875,1119.717799894209,1102.2568277931216,1105.246884028871,8635233
2023-05-05,1114.6505126953125,1123.5978590907398,1112.0257162588239,1114.3081951915199,8746585
2023-05-08,1128.4139404296875,1133.7777597410543,1115.7461404298203,1118.4165791288924,9153782
2023-05-09,1131.9061279296875,1135.2158009724574,1124.4652198090143,1129.8290394334551,6464721
2023-05-10,1139.6895751953125,1141.173192717246,1132.659447469911,1136.6766978121202,10872255
2023-05-11,1132.24853515625,1145.5781493917782,1130.5365853892238,1140.762158669685,10557860
2023-05-12,1134.097412109375,1135.4897449397138,1121.3839680276494,1127.4553650769165,6955341
2023-05-15,1136.3341064453125,1143.3184701435996,1128.984483334697,1136.6309023578756,6833343
2023-05-16,1120.1514892578125,1141.0589403639667,1118.485181669263,1138.5026071786638,8717229
2023-05-17,1113.5323486328125,1125.264241675661,1108.8304629473162,1124.35127409302,8798967
2023-05-18,1111.1356201171875,1121.6122266625744,1107.9856952056505,1118.2112689036005,10525531
2023-05-19,1114.741943359375,1116.5679991928369,1104.1968724046772,1111.1357155261294,8050447
2023-05-22,1120.69921875,1125.7207212869755,1110.3596592183865,1111.5693019532657,7434906
2023-05-23,1120.49365234375,1126.6335119735163,1119.0784985578177,1123.2783175836105,6092034
2023-05-24,1113.9656982421875,1124.8075631613845,1110.8615367170432,1116.544972955841,8112254
2023-05-25,1113.828857421875,1117.960213217733,1102.9186489083418,1111.0671339157268,11487863
2023-05-26,1144.2088623046875,1145.3500415058625,1118.7591533794464,1122.0687058844728,12626260
2023-05-29,1150.6453857421875,1154.9364899661489,1144.5283465169668,1150.8279550929283,10010304
2023-05-30,1150.3486328125,1158.451475420254,1147.7921790871794,1150.645307987406,11342504
2023-05-31,1127.5009765625,1145.7381091276332,1123.4382047768395,1141.2416143873527,27107927
2023-06-01,1124.465087890625,1134.3483427772612,1122.0685033285554,1132.1799698648445,14592692
2023-06-02,1120.7904052734375,1133.412563645759,1118.8731857024297,1128.003101699598,15800644
2023-06-05,1130.8563232421875,1133.8235582589482,1122.274114564264,1126.268543700321,10908682
2023-06-06,1131.8148193359375,1135.6265579862757,1123.8946668621782,1133.6865172838243,7493309
2023-06-07,1140.3970947265625,1141.241598708449,1128.7335456658939,1135.3071289198083,10312545
2023-06-08,1141.081787109375,1148.9335976883083,1137.133121023714,1143.9805586437908,12071109
2023-06-09,1133.001708984375,1145.144501301207,1131.1984746215855,1144.4369244051343,5877018
2023-06-12,1134.0059814453125,1136.311281503828,1125.264025708016,1130.057315904061,6391969
2023-06-13,1150.759521484375,1151.946463788879,1134.9647365494955,1138.9591656822827,11248016
2023-06-14,1164.910888671875,1166.3488637759137,1149.0019986007082,1150.827933567815,13277380
2023-06-15,1165.23046875,1169.7954267696327,1157.4471223513988,1164.888030487722,11813494
2023-06-16,1176.5745849609375,1178.857064328992,1168.7227738269123,1168.7227738269123,24171579
2023-06-19,1164.88818359375,1179.5874324568545,1160.7113056227922,1179.5874324568545,6798554
2023-06-20,1167.3074951171875,1170.457299404325,1157.2189687814275,1162.9480481347903,6921096
2023-06-21,1170.5943603515625,1173.1278723617306,1163.1534517577868,1167.2618659292657,6961603
2023-06-22,1157.4471435546875,1174.702723824018,1155.8494202932393,1166.8053921892115,7619166
2023-06-23,1147.9749755859375,1156.4885999942844,1146.7195697742059,1154.4343325060674,6628570
2023-06-26,1139.210205078125,1148.2716583591261,1136.0832218598148,1144.437098137329,12641159
2023-06-27,1139.62109375,1145.578264166708,1135.1474200849475,1139.666736088607,9689466
2023-06-28,1154.708251953125,1158.519990797568,1140.2600374666351,1147.1760589375283,11354006
2023-06-30,1164.180419921875,1167.1020122895738,1156.5113003301233,1162.4229485666156,11151555
2023-07-03,1194.058349609375,1196.934300105854,1166.5087289327182,1167.7413136446191,12154387
2023-07-04,1181.7557373046875,1198.3037415268395,1174.6799673322103,1198.3037415268395,8061643
2023-07-05,1179.8155517578125,1190.9997357239995,1175.8440646341217,1190.9997357239995,10248062
2023-07-06,1204.5804443359375,1207.1824197013011,1175.958111582341,1175.958111582341,19117987
2023-07-07,1202.2294921875,1216.5406584496827,1199.6730384312104,1202.8686056265724,13375267
2023-07-10,1248.5411376953125,1258.1047776229054,1221.128565671655,1227.4738168988026,33240016
2023-07-11,1262.076171875,1264.4955779542368,1249.705166712445,1256.6895309307056,20069348
2023-07-12,1263.468505859375,1279.103541836806,1260.683840337917,1262.806571231475,18733835
2023-07-13,1252.170166015625,1277.7339788902639,1249.545369524751,1270.8408996155135,14682934
2023-07-14,1251.120361328125,1260.341562579208,1243.9989491216202,1255.3657025022662,15124144
2023-07-17,1276.6842041015625,1285.060901535764,1245.3228457945552,1253.9963391795925,22220040
2023-07-18,1287.52587890625,1295.286283587151,1274.995004828538,1285.9509768018002,25867313
2023-07-19,1297.294921875,1303.7543992835303,1276.8210735612868,1291.8854597114334,39122156
2023-07-20,1295.723876953125,1301.213635792283,1276.014839753512,1276.014839753512,38717624
2023-07-21,1255.6134033203125,1293.2755748788927,1248.1205739980844,1290.3576048302098,30249238
2023-07-24,1230.2166748046875,1243.8423605772516,1221.2648606691866,1227.0514151401742,23727866
2023-07-25,1229.425537109375,1239.0203294862108,1226.5569523456327,1233.4810641733905,12026020
2023-07-26,1249.4063720703125,1259.6936470475673,1229.029726310642,1229.029726310642,12911012
2023-07-27,1237.7838134765625,1255.06933898356,1231.6758304667376,1253.2889256301971,17226898
2023-07-28,1250.2225341796875,1257.6412248805652,1236.7204929547063,1242.4081558253793,20827852
2023-07-31,1260.8065185546875,1263.1062644351005,1245.3261593927457,1250.222567835286,8551174
2023-08-01,1242.9769287109375,1265.6286894674379,1239.0697997346808,1263.6503718598296,9536632
2023-08-02,1229.697509765625,1242.383422770223,1218.4458286875906,1240.9985763343113,12748214
2023-08-03,1224.5291748046875,1236.8936606795558,1215.7010043381908,1224.23249959185,10168350
2023-08-04,1241.1717529296875,1244.3617658987635,1222.4024889169664,1235.8550243989196,22885610
2023-08-07,1248.244384765625,1250.494624650405,1238.9215138972052,1246.834785043854,5982870
2023-08-08,1240.7265625,1253.4867351589849,1236.2259624118224,1250.2967221809695,9844072
2023-08-09,1248.911865234375,1250.7912910864598,1227.1009863432985,1238.8472469851743,11486586
2023-08-10,1254.475830078125,1261.177404750792,1240.6276075945868,1248.788167272386,15470598
2023-08-11,1259.767822265625,1265.5544976220099,1242.5565564009414,1252.4975295128647,22179330
2023-08-14,1274.6546630859375,1277.1523130180672,1248.8128913733601,1255.737002454242,9575812
2023-08-16,1273.6160888671875,1277.3996937112483,1261.672044700447,1261.672044700447,10203112
2023-08-17,1255.2425537109375,1275.0752365265755,1252.695518025622,1269.6348629683328,13673744
2023-08-18,1264.5406494140625,1274.827925208279,1240.6771930744892,1251.9041214413387,18639978
2023-08-21,1250.74267578125,1268.3374245054665,1248.5836072167706,1260.6443643964944,9221746
2023-08-22,1250.44482421875,1259.6517042081298,1240.319812990251,1249.204008079304,7713044
2023-08-23,1251.8345947265625,1262.0838090060652,1249.2288807667073,1252.8272476636503,9517952
2023-08-24,1230.7904052734375,1260.6195534341234,1226.4227081001463,1260.6195534341234,14140020
2023-08-25,1225.1075439453125,1243.2978613921046,1212.3271367872899,1218.9778633049934,22222400
2023-08-28,1212.8978271484375,1232.8749678308823,1206.6193456890517,1226.9190501118926,12580826
2023-08-29,1201.2838134765625,1217.7121468384466,1195.2285336373561,1217.0173382536789,16876644
2023-08-30,1200.1422119140625,1212.5255327642963,1198.628391987628,1207.0659417448908,12168946
2023-08-31,1194.65771484375,1203.5915905675504,1191.133748727762,1202.5989377093504,21638600
2023-09-01,1197.4619140625,1203.9141576589248,1192.0023233270636,1194.4343955405523,18112842
2023-09-04,1196.494140625,1202.921543874001,1193.8140262826475,1197.4619529612135,9347626
2023-09-05,1202.8968505859375,1208.033756715794,1197.3627378820318,1201.1100268699734,8675876
2023-09-06,1205.4281005859375,1209.125708635972,1199.745186611218,1201.6560920331103,8200370
2023-09-07,1207.06591796875,1210.1679582595825,1196.6430625915527,1201.9537313347682,13652572
2023-09-08,1215.1064453125,1218.9778160313297,1202.5742018862823,1211.0365924741222,23109288
2023-09-11,1228.20947265625,1229.326207160582,1216.9924464989115,1216.9924464989115,13271074
2023-09-12,1210.4659423828125,1232.3787090583842,1209.0265228175713,1232.3787090583842,16255666
2023-09-13,1216.52099609375,1222.2783103355039,1204.2120756300537,1211.0365644667,12803338
2023-09-14,1217.6376953125,1223.8417758931353,1213.5181615722684,1220.9630582690309,9209636
2023-09-15,1219.8961181640625,1224.9337835939812,1215.7517434819517,1224.9337835939812,25468592
2023-09-18,1209.274658203125,1216.4962329024152,1207.0908701058952,1211.061482045193,7516300
2023-09-20,1182.323974609375,1204.8821081322808,1168.8487603007638,1202.623798606989,57081884
2023-09-21,1173.712890625,1186.2699748730859,1171.3304992731428,1178.750555955457,12226182
2023-09-22,1168.8240966796875,1182.47307577697,1166.3673046768697,1179.2717940052096,19176786
2023-09-25,1161.6273193359375,1171.6779308453931,1158.9720452955405,1166.5657437194718,14254884
2023-09-26,1162.6446533203125,1166.4663425671888,1159.2200494490667,1160.684188171601,10087782
2023-09-27,1175.7476806640625,1177.1871000752483,1160.6594050312615,1163.1410372849095,11722778
2023-09-28,1158.4755859375,1182.7459002555731,1153.9589668880435,1182.7459002555731,14518346
2023-09-29,1163.8856201171875,1175.847137006539,1158.475709840611,1162.2973995824232,12342014
2023-10-03,1150.55908203125,1159.220075299941,1149.492028660551,1156.415758225436,8859056
2023-10-04,1148.5738525390625,1150.981084388904,1139.1189302205564,1146.0178196869251,10286386
2023-10-05,1148.549072265625,1156.14276991832,1146.017758932428,1151.105104982258,10953682
2023-10-06,1150.4847412109375,1153.8597853939605,1147.5316229908371,1150.0132553057874,5431026
2023-10-09,1140.6822509765625,1147.4818990309532,1139.0691900320726,1145.5711149238573,7576878
2023-10-10,1145.719970703125,1150.435072150941,1143.4121010954177,1144.8018394410437,10236032
2023-10-11,1163.910400390625,1166.2182699823193,1148.0031129607796,1148.7227620999727,9814118
2023-10-12,1166.0693359375,1171.0078811502246,1160.485663265934,1163.3148210249558,12554450
2023-10-13,1166.0198974609375,1170.0897506197043,1156.0188455521982,1161.4040366702475,10150316
2023-10-16,1163.4140625,1168.6254903286665,1159.4186102633319,1163.885548402189,5929036
2023-10-17,1168.972900390625,1171.18152891328,1162.0491704758838,1169.3451452373686,7928180
2023-10-18,1153.4627685546875,1174.8048077319042,1151.9737890772074,1168.9729714451066,8918320
2023-10-19,1144.603271484375,1152.37085365543,1142.0472385636656,1147.5068298823098,12032556
2023-10-20,1141.104248046875,1148.846868358942,1139.7145096810816,1141.5508934053469,8913312
2023-10-23,1123.2861328125,1144.6530132953733,1119.3403612940447,1136.5877075106362,7853962
2023-10-25,1120.6802978515625,1132.219887961399,1113.2602415640138,1116.7593673158804,11620688
2023-10-26,1105.0709228515625,1120.7052071856403,1101.9937228681183,1117.2309217780673,15222534
2023-10-27,1124.5765380859375,1128.3982276638756,1109.761144511754,1111.7712909465938,11771084
2023-10-30,1147.7548828125,1153.958963260135,1126.6361687340607,1128.6463150337838,16813304
2023-10-31,1135.5452880859375,1155.4480281047179,1133.0636557231696,1155.4480281047179,12808438
2023-11-01,1140.2603759765625,1150.236586425296,1129.2419526519689,1136.1656826268284,10309190
2023-11-02,1151.57666015625,1153.6116471680004,1145.4966608528325,1148.4746196953226,10562104
2023-11-03,1151.3284912109375,1158.897469898072,1149.3680258840427,1155.0509397455937,8850156
2023-11-06,1160.9075927734375,1161.4039192346488,1154.256866662586,1157.5822297180116,10647304
2023-11-07,1153.3634033203125,1160.9572220726066,1151.2540159543112,1158.4507493206686,6960204
2023-11-08,1159.368896484375,1161.900209827792,1152.3459257444151,1157.4332718147846,7884494
2023-11-09,1146.787109375,1159.3689122452765,1143.6353879313751,1159.344192861405,14513610
2023-11-10,1148.946044921875,1149.6658152095554,1140.5830169850344,1144.3054653415224,7734954
2023-11-13,1148.7972412109375,1153.7605056745233,1147.3578218124285,1152.9166537769547,3854810
2023-11-15,1169.5684814453125,1172.2982770196893,1154.9516911953863,1161.4039352802765,12220648
2023-11-16,1171.6778564453125,1178.3534231349859,1164.8533675821152,1166.9131951067154,13134910
2023-11-17,1169.121826171875,1177.9067803474445,1167.3846835483773,1167.8064883385834,7758634
2023-11-20,1166.044677734375,1170.5363354915235,1159.617152805321,1165.647592311094,4490186
2023-11-21,1180.7109375,1185.227556641674,1171.4296571663483,1174.3083747965666,8214450
2023-11-22,1185.326904296875,1188.4289448727575,1177.3856804226161,1178.7754188353035,8534814
2023-11-23,1188.9500732421875,1191.1835423841578,1185.3268657327444,1185.3268657327444,8531542
2023-11-24,1188.1558837890625,1192.474021001291,1186.7414260587238,1187.0144298509326,6749486
2023-11-28,1188.404052734375,1191.034607263244,1178.899449291774,1188.1558894990753,13792174
2023-11-29,1191.5308837890625,1197.1145563492605,1190.2156671664848,1195.1540911072586,12531306
2023-11-30,1179.9913330078125,1191.530923348677,1176.2440439527552,1188.5529645510346,28439984
2023-12-01,1188.3544921875,1189.3967050711567,1180.0658643673892,1180.2643464861462,14342842
2023-12-04,1201.209228515625,1215.9997806950958,1190.4886500919326,1215.9997806950958,15590990
2023-12-05,1209.9197998046875,1211.4584602643838,1201.9288955146308,1210.540207865299,12693624
2023-12-06,1221.5091552734375,1227.3905513904704,1208.5549856031337,1214.560584514323,16422442
2023-12-07,1219.4990234375,1221.4346482742724,1212.0292855470004,1220.9631623446442,8142096
2023-12-08,1218.853759765625,1229.251775342433,1213.5182500771466,1222.874052744466,10204894
2023-12-11,1220.6405029296875,1224.7351961410227,1217.1909371644088,1218.9777608532804,7066138
2023-12-12,1203.1202392578125,1223.41994400905,1201.1844932637518,1220.9631521449135,9197124
2023-12-13,1208.03369140625,1210.2176004047437,1194.3103140708777,1202.102614795848,10031182
2023-12-14,1223.0228271484375,1228.3831772791464,1212.3518080035872,1217.9851619285064,16972354
2023-12-15,1238.6324462890625,1240.8162343922088,1225.951280138882,1229.8970515295573,15932152
2023-12-18,1251.239013671875,1258.1379030406688,1236.3243792186838,1238.6323699765335,14165188
2023-12-19,1269.6527099609375,1277.4945707453207,1253.3234974409622,1268.1140495332209,16820604
2023-12-20,1254.2913818359375,1289.8780864366483,1250.7426960684581,1276.080186427869,17736722
2023-12-21,1271.8614501953125,1277.2962009364337,1249.8741628164655,1254.2170195322976,13765454
2023-12-22,1273.1021728515625,1280.968874306117,1264.4660199985942,1270.3972179591544,16541784
2023-12-26,1279.554443359375,1286.453332624264,1271.935783794956,1274.5663382448713,7465664
2023-12-27,1283.922119140625,1290.3990823415181,1277.0976304877347,1281.514887400953,9204156
2023-12-28,1293.203369140625,1296.4046504171113,1283.9220890250845,1285.3862277761266,12302636
2023-12-29,1282.9791259765625,1297.397434632089,1280.174929799553,1295.9581362918193,10864584
2024-01-01,1285.6097412109375,1293.8488097378856,1277.1225094292433,1280.7953983035607,4030540
2024-01-02,1296.255859375,1297.8937610136477,1277.0480485996618,1283.0039664322292,7448800
2024-01-03,1282.16015625,1307.3238832997818,1279.132516403198,1295.412048372221,9037536
2024-01-04,1288.7860107421875,1295.337616733607,1280.0755785995668,1284.4928354763001,9612778
2024-01-05,1294.2705078125,1300.3009471094986,1289.456165302221,1291.8881165287519,8086406
2024-01-08,1284.17041015625,1306.3064992127524,1275.0379299096924,1295.412156841061,7734652
2024-01-09,1280.7703857421875,1293.8237954235035,1279.132484246134,1290.4487513775189,5403074
2024-01-10,1315.3148193359375,1319.7320764251056,1278.0654937339266,1279.0333061103788,11102740
2024-01-11,1349.9088134765625,1352.489686993197,1318.7394856296971,1319.7321386109766,23725852
2024-01-12,1360.6541748046875,1363.2350482099334,1335.8626919019084,1349.9087552154863,15012164
2024-01-15,1383.8822021484375,1386.190071634762,1355.9638397810568,1364.8977157386187,8610594
2024-01-16,1364.5255126953125,1386.0413130880693,1360.4308194226976,1379.7627106993223,9069024
2024-01-17,1351.5714111328125,1376.0900120502974,1345.0696069219948,1349.5117047016763,12197382
2024-01-18,1357.8995361328125,1360.92717605878,1341.3222805612156,1341.4712027363942,10279438
2024-01-19,1357.4031982421875,1365.890429247957,1349.015329468004,1365.890429247957,10422704
2024-01-23,1318.8138427734375,1361.6716823004633,1312.8332056966303,1361.6716823004633,20055420
2024-01-24,1334.00146484375,1339.5851376107455,1314.1980872328543,1325.4149927095905,21919128
2024-01-25,1343.1337890625,1354.1274927557365,1325.390118278632,1333.0831783387705,11808872
2024-01-29,1437.4111328125,1441.8283899094502,1350.1817560391485,1354.474931519067,23893438
2024-01-30,1397.2830810546875,1449.2484377227322,1394.1066401470152,1449.2235971647833,14093978
2024-01-31,1416.1434326171875,1423.7124109217216,1392.1956815880876,1393.6846609266845,15130226
2024-02-01,1416.1683349609375,1432.745590517861,1407.631543948549,1424.4569627393994,13349362
2024-02-02,1446.990234375,1464.0639387350582,1422.6455164089482,1422.6455164089482,19652588
2024-02-05,1428.452392578125,1459.6961190035063,1421.007495677393,1450.0177530325548,8814432
2024-02-06,1417.3099365234375,1431.256637826339,1409.3934322746634,1431.256637826339,9047984
2024-02-07,1431.554443359375,1438.8504181404362,1418.7491963623445,1425.3752031215413,9296568
2024-02-08,1439.4708251953125,1448.752105824393,1417.0368932886952,1439.3467435794867,14694634
2024-02-09,1450.0177001953125,1461.1602045826953,1440.2896534634558,1443.31729322881,12556798
2024-02-12,1441.679443359375,1450.2659153474917,1431.7529141646626,1450.017752117624,6674430
2024-02-13,1454.335693359375,1468.1335924657844,1443.3172707540573,1444.806250056761,7715594
2024-02-14,1470.4912109375,1472.749520552248,1446.7916226083244,1446.7916226083244,7117888
2024-02-15,1459.79541015625,1473.8166331337911,1455.7503978374216,1472.4517353218182,10006782
2024-02-16,1449.843994140625,1466.1483668657747,1447.8339689108675,1465.6271998466532,9767498
2024-02-19,1463.17041015625,1468.6300012389227,1442.8458657695369,1451.3082561823699,6729828
2024-02-20,1460.21728515625,1464.659382736365,1451.0600862084646,1464.1878968342883,7117496
2024-02-21,1456.916748046875,1477.5888193115914,1446.8414171157522,1463.170510366537,12720292
2024-02-22,1470.863525390625,1474.0399663973683,1447.2880175600008,1457.36346935178,18493728
2024-02-23,1482.6512451171875,1486.5474563697878,1472.4517119404402,1478.556551746289,14438584
2024-02-26,1476.3974609375,1483.5446346905887,1471.607959051116,1482.5768223248915,7513106
2024-02-27,1474.73486328125,1488.9297276070065,1467.1907251784094,1472.1291493159843,10826044
2024-02-28,1444.930419921875,1480.3185210789975,1439.5205099276588,1472.1042938560004,8647950
2024-02-29,1450.0675048828125,1468.1088998815815,1443.8385832706604,1454.2365988812116,23628976
2024-03-01,1481.1622314453125,1488.979373154373,1451.7548888255137,1452.7475417409498,12132926
2024-03-04,1496.3250732421875,1501.337897909408,1476.2982516112518,1479.5243736818861,10024420
2024-03-05,1489.177978515625,1496.3251528023525,1475.1320355384912,1494.712091681268,7107668
2024-03-06,1491.957275390625,1497.9131926576536,1467.6372798835923,1482.4773919378927,7805676
2024-03-07,1468.059326171875,1492.056638756749,1464.7091224345347,1491.9325571368477,8315726
2024-03-11,1455.8248291015625,1478.060279979328,1452.747629113329,1478.060279979328,11277130
2024-03-12,1464.5849609375,1477.0675227494196,1454.261346490045,1455.8247263461558,9432678
2024-03-13,1421.6527099609375,1472.2034859914554,1417.2850129833478,1468.9029635812572,13522134
2024-03-14,1420.957763671875,1437.8825438227764,1415.0266869213976,1429.1223094125826,18571102
2024-03-15,1407.80517578125,1422.694969713975,1402.5193474045138,1415.4733954219128,19223818
2024-03-18,1428.899169921875,1431.1326391984185,1406.1178317705178,1409.56727675182,9169392
2024-03-19,1414.778564453125,1427.0378036957165,1406.8373411480031,1418.252849649116,8275764
2024-03-20,1433.1427001953125,1434.3835163859578,1413.562644941621,1417.4587350761735,8488806
2024-03-21,1440.3145751953125,1447.1887452733042,1434.060934378195,1441.8532357214951,13006936
2024-03-22,1444.3348388671875,1449.2732629085037,1436.716179238339,1439.321893152815,19527608
2024-03-26,1430.983642578125,1441.7291835759677,1428.4276096750873,1434.3835274360674,11415906
2024-03-27,1481.8818359375,1488.979328303771,1436.368725370371,1437.3613782559069,16326644
2024-03-28,1474.933349609375,1494.8856495085238,1467.786296896486,1481.90676076149,21854364
2024-04-01,1473.8662109375,1482.9985690062601,1471.60790139039,1481.5095896793896,5013880
2024-04-02,1476.025146484375,1483.0233977342266,1464.1629930776332,1473.0968689675985,8910166
2024-04-03,1460.7880859375,1473.5436523631188,1458.1079713887636,1471.186101560143,7008292
2024-04-04,1452.1767578125,1468.8780939901114,1439.3466709144527,1468.8780939901114,14490272
2024-04-05,1449.3724365234375,1459.9938949751336,1445.3025839763254,1450.1417667351745,7442298
2024-04-08,1475.057373046875,1480.0206375610207,1450.2658910334067,1452.226356281804,8357118
2024-04-09,1452.896484375,1478.8543827139295,1451.7549092714805,1478.060211901015,7071414
2024-04-10,1468.7044677734375,1476.0749645358123,1455.5766564963697,1455.5766564963697,9138330
2024-04-12,1456.370849609375,1475.5538200544618,1452.3257159957793,1465.0317226594827,15551012
2024-04-15,1454.062744140625,1471.2356878788278,1435.6986653849476,1450.2658952456557,12902062
2024-04-16,1454.98095703125,1460.3661473678603,1440.2649265731254,1442.6720371000315,9366184
2024-04-18,1453.5665283203125,1475.0823301585979,1448.628103973215,1452.7476380801534,19005692
2024-04-19,1459.323974609375,1463.1705049395248,1432.4231028577299,1446.0720814485837,15741778
2024-04-22,1468.9774169921875,1471.9305352298081,1457.0160218672338,1461.6317610616636,10350362
2024-04-23,1448.603271484375,1482.5272357774581,1444.8561033979943,1468.1337674689391,14605554
2024-04-24,1439.5205078125,1457.7605053579202,1438.8504186169605,1452.7475596039474,10462776
2024-04-25,1449.2484130859375,1457.189636393573,1430.9091747445573,1431.9018276580116,15943926
2024-04-26,1441.8780517578125,1454.236532179651,1439.3467383348082,1453.194198141131,9413848
2024-04-29,1454.2613525390625,1457.1152296530197,1439.3467183436048,1439.3467183436048,7247974
2024-04-30,1456.221923828125,1472.178772035999,1452.1272302795285,1457.214576809603,11474262
2024-05-02,1455.775146484375,1466.4708844514234,1453.3679147531318,1461.1850562736174,14512646
2024-05-03,1423.46435546875,1464.1134460205978,1405.7455242326487,1460.1925152681529,17226958
2024-05-06,1409.095703125,1429.4202480421582,1407.5818831415143,1424.9533097670264,7394208
2024-05-07,1391.17822265625,1410.311631866643,1381.772860502106,1405.571689953147,14517472
2024-05-08,1408.1278076171875,1422.42191231512,1387.2324157830615,1387.2324157830615,9439002
2024-05-09,1383.8822021484375,1413.2895438420787,1379.7875090012217,1402.6185253372132,11009612
2024-05-10,1397.0845947265625,1399.6406275450738,1377.8766636438304,1386.4879762578594,10505096
2024-05-13,1392.394287109375,1396.6379028351905,1373.8317248456565,1389.6149314683873,8456620
2024-05-14,1409.6416015625,1416.5901722719507,1389.7389824487905,1390.681954289976,7188300
2024-05-15,1405.86962890625,1419.468926315315,1402.6435067088078,1410.063563528233,5046534
2024-05-16,1414.8778076171875,1417.0120356183081,1387.75361519461,1408.1278405018506,14711774
2024-05-17,1425.15185546875,1426.6408349602225,1402.8668442157614,1412.5948920294334,10916476
2024-05-21,1425.57373046875,1431.231803864575,1415.1260338425998,1415.1260338425998,11176128
2024-05-22,1449.91845703125,1457.9837617014118,1425.722543020764,1425.722543020764,10281604
2024-05-23,1475.1319580078125,1481.2615172416956,1444.3100355832012,1447.8340020088174,14608260
2024-05-24,1469.37451171875,1477.5638984586112,1465.2549777906743,1472.724715385057,7094776
2024-05-27,1455.4774169921875,1473.990419113941,1450.8119965034373,1469.3497180106694,6629010
2024-05-28,1445.501220703125,1467.637430621861,1442.0766163922278,1457.2145743340495,7820162
2024-05-29,1430.1895751953125,1447.287997987601,1427.8815843874524,1435.8724890871501,7383556
2024-05-30,1414.3814697265625,1429.817270893488,1409.6663684202383,1424.9532474164846,13206858
2024-05-31,1419.8907470703125,1431.653659822201,1411.800601617005,1420.7841589242364,31069832
2024-06-03,1499.228515625,1503.3728901534053,1448.2806515244756,1472.1043222829317,21527942
2024-06-04,1387.0091552734375,1487.0437791255476,1349.3131842665355,1487.0437791255476,36709098
2024-06-05,1410.3116455078125,1420.6352601794422,1373.9308915121778,1411.5524616660985,17464890
2024-06-06,1421.0819091796875,1433.0929853880773,1410.9072166555904,1424.4569533735907,17855722
2024-06-07,1459.1500244140625,1461.1850112482903,1416.0193060772324,1418.004611799037,18558696
2024-06-10,1460.5894775390625,1482.3781598703026,1457.2888339961758,1459.150058153404,9251760
2024-06-11,1445.9727783203125,1462.847878399236,1443.9874724286744,1458.20717740815,11774902
2024-06-12,1452.57373046875,1465.155654220818,1444.4837064170613,1446.7915758989445,10081742
2024-06-13,1454.4847412109375,1461.433311890669,1449.3725542618724,1461.1851486521073,9181160
2024-06-14,1466.6944580078125,1468.8038455887872,1446.518713499826,1459.199879544848,8157998
2024-06-18,1470.1439208984375,1476.4720837189377,1460.5399547367645,1476.4224025999808,7196766
2024-06-19,1447.9332275390625,1476.571240472528,1445.3026730272272,1476.571240472528,8725874
2024-06-20,1462.87255859375,1471.9553570393568,1439.4459739347105,1448.2806091505108,16113776
2024-06-21,1443.515869140625,1463.8652545834836,1429.9909727182371,1462.7982011333013,31170360
2024-06-24,1430.88427734375,1438.8503408924523,1426.9385064042085,1434.9045699529108,8878386
2024-06-25,1443.46630859375,1445.2282918111714,1430.4128980926341,1432.3982039886682,7045386
2024-06-26,1502.9013671875,1507.8149506909176,1434.5075565031482,1435.425808927042,22014882
2024-06-27,1519.3050537109375,1526.2039433921725,1494.935374795845,1502.6284353235128,28383030
2024-06-28,1553.89892578125,1569.3842873036351,1519.7764812043604,1519.7764812043604,28957336
2024-07-01,1548.6875,1567.7960689891884,1544.2454023527885,1551.0450507194453,7724306
2024-07-02,1553.675537109375,1561.939323957406,1545.5605512562322,1557.968712393485,7749246
2024-07-03,1541.019287109375,1563.4283787351976,1531.440162014497,1554.8170660210362,9049620
2024-07-04,1542.6075439453125,1555.983518377374,1539.4062623766438,1545.5606622734106,6837176
2024-07-05,1576.9532470703125,1586.755694667964,1536.6267221432645,1542.4088769403465,12269710
2024-07-08,1589.1380615234375,1596.9800437158895,1570.8980643748457,1577.325467706802,9500806
2024-07-09,1578.5911865234375,1588.7410386525216,1568.887979750272,1585.8623208770043,6960002
2024-07-10,1572.5855712890625,1585.7630632323035,1551.6654591589945,1583.2814308954767,7134578
2024-07-11,1569.036865234375,1592.4634499565013,1558.9614138424095,1575.8365135146928,11940946
2024-07-12,1584.9937744140625,1593.3569240772113,1562.9320865975437,1572.8586162043875,12924784
2024-07-15,1585.4901123046875,1594.0517441522056,1573.8512804915936,1592.6620057625546,5329688
2024-07-16,1564.669189453125,1588.24469666931,1557.5965372882695,1581.792452589091,9386838
2024-07-18,1575.0177001953125,1582.1895936713806,1546.3795650620239,1564.4210812674708,12298374
2024-07-19,1543.7242431640625,1578.293333314245,1541.3915329908289,1574.3475621142547,13140390
2024-07-22,1489.6495361328125,1526.203933085127,1488.2597977476694,1525.9557698439748,19674376
2024-07-23,1476.96826171875,1494.6870915999891,1452.2511804820083,1489.9719903646578,18052044
2024-07-24,1484.7109375,1498.4095963901725,1465.552808673545,1474.0895996286229,11913362
2024-07-25,1481.435302734375,1489.4509269223795,1466.2228234080762,1470.1190347480779,12519876
2024-07-26,1497.9381103515625,1501.3131545447015,1479.4002684339398,1481.4352554076795,9859940
2024-07-29,1508.931640625,1516.2772962786503,1500.6678537480493,1500.8414953005092,7538550
2024-07-30,1502.0328369140625,1513.7957501477324,1498.9059558839842,1505.8793670988641,8228208
2024-07-31,1494.364501953125,1499.3524857083617,1490.1208866802617,1492.9499231376883,10057346
2024-08-01,1504.1671142578125,1506.8472288436842,1493.2479314401046,1500.8913109431162,10764222
2024-08-02,1488.309326171875,1498.2358556077295,1482.303848567256,1493.9426800961044,10268248
2024-08-05,1436.69140625,1472.997761203301,1422.7198642160924,1469.126390399314,17046704
2024-08-06,1445.352294921875,1466.6446510309138,1440.6619130584993,1444.4588830824964,10236186
2024-08-07,1454.062744140625,1461.6814036613468,1450.7622216985117,1458.2071184913539,8174568
2024-08-08,1438.4781494140625,1454.2365143735713,1435.3017085687702,1446.8164580997684,12387192
2024-08-09,1463.46826171875,1465.6520496932055,1445.3026646483625,1449.2732763644294,6249776
2024-08-12,1449.8936767578125,1462.1777566892652,1447.0397996020206,1459.199797918004,8184584
2024-08-13,1452.8717041015625,1459.2742672925806,1447.28803114191,1450.0178268110735,6265064
2024-08-14,1451.109619140625,1461.1850703208015,1443.0194737625147,1452.7972017764512,6267466
2024-08-16,1467.339599609375,1469.5235088888628,1447.3377388233519,1457.8598362701878,9416902
2024-08-19,1482.4791259765625,1492.3397678065596,1474.6105280885965,1476.6025720306277,13797742
2024-08-20,1489.9990234375,1497.9423959482733,1484.0976661921165,1491.268975771349,8411808
2024-08-21,1492.7132568359375,1501.8766102174725,1484.072717714687,1487.30978907883,7769996
2024-08-22,1492.1654052734375,1500.5070892244864,1484.720165407205,1497.0210123494212,10445782
2024-08-23,1494.008056640625,1505.3128818837536,1492.4642955105633,1497.768063961028,9249654
2024-08-26,1506.5828857421875,1516.941539085057,1497.021098650585,1500.9802618699923,8816114
2024-08-27,1494.481201171875,1507.4544123852302,1493.485179145279,1504.4912711730515,6251156
2024-08-28,1492.33984375,1501.4782728482842,1487.0608784010915,1499.0131426615155,9610286
2024-08-29,1514.874755859375,1530.885760314005,1488.0568158159556,1497.1205913811584,38335358
2024-08-30,1503.6197509765625,1533.599989641746,1497.3447635789732,1527.89778785993,41620730
2024-09-02,1510.2183837890625,1520.7264647058682,1500.6316718721823,1504.8647654458696,11240852
2024-09-03,1503.1217041015625,1516.941509382377,1501.5031683479538,1515.1984708784905,10923800
2024-09-04,1508.525146484375,1511.4633627071519,1493.534966971581,1494.7301447200666,11983304
2024-09-05,1487.035888671875,1519.7054581926027,1481.1345314015284,1513.0072347057646,16264168
2024-09-06,1458.997802734375,1491.0448575756723,1455.8105811316245,1486.5627588054047,19394228
2024-09-09,1456.63232421875,1464.07768593117,1449.809597840599,1460.666261949736,9010298
2024-09-10,1455.7110595703125,1466.1942153054945,1451.7766997689328,1454.6901127162012,10768260
2024-09-11,1445.7259521484375,1462.9073318760024,1441.7917138302157,1457.2300550346945,9760202
2024-09-12,1473.913330078125,1480.088617533546,1440.1232367942907,1451.2039809867947,22349376
2024-09-13,1466.766845703125,1477.2500011980833,1463.6542770635715,1470.5268529366479,8711328
2024-09-16,1465.4969482421875,1475.0090069946318,1458.9232273463058,1471.6723576050656,5481774
2024-09-17,1466.4432373046875,1471.5975781970765,1460.790763828237,1468.1364260685732,5935328
2024-09-18,1457.6282958984375,1476.10455198121,1454.7399294679985,1464.1522884024148,8574714
2024-09-19,1463.82861328125,1470.6264144806405,1449.7598031867433,1460.4171894563083,16955902
2024-09-20,1480.0140380859375,1489.0528890965668,1465.5218693608433,1468.136427109257,30897320
2024-09-23,1487.434326171875,1495.5270047691104,1483.026880271187,1485.0687739665293,8832314
2024-09-24,1483.4501953125,1494.530939532627,1481.9561623839436,1482.5786761041754,17137444
2024-09-25,1488.0069580078125,1490.5468626388433,1474.3116560624171,1477.9970102640052,7069002
2024-09-26,1491.9910888671875,1498.017070530802,1482.1305684499498,1484.7202013028073,18818998
2024-09-27,1520.1038818359375,1527.3747692811157,1486.0647823070499,1493.0369361114394,20597478
2024-09-30,1470.701171875,1518.9086621673466,1468.5348969230117,1513.3558880158446,27008814
2024-10-01,1458.997802734375,1482.0308103038055,1457.0057588364782,1474.7599230273088,16431642
2024-10-03,1401.3780517578125,1443.634334423912,1396.4975195620746,1430.8602791168494,37757294
2024-10-04,1381.0093994140625,1411.711728297617,1376.2782950115372,1398.34020617394,37072876
2024-10-07,1365.272216796875,1390.9447078848398,1355.9594355150189,1387.9566419173104,22181340
2024-10-08,1391.791259765625,1395.4267642320656,1359.669551595401,1367.513224520688,17020808
2024-10-09,1369.1318359375,1395.4019165531051,1367.0402140253339,1391.9656892391695,14310610
2024-10-10,1365.595947265625,1380.4864268287754,1363.9774115920343,1374.5352199766685,22358646
2024-10-11,1366.6417236328125,1377.7723178051706,1363.3797273571677,1364.5501018082973,7980122
2024-10-14,1367.0650634765625,1374.5849563155427,1362.8070452852592,1373.962442591221,12221432
2024-10-15,1338.678466796875,1366.243302159234,1335.3666207605413,1353.1207855156183,33762794
2024-10-16,1348.6884765625,1358.5740438069333,1332.3039628645522,1334.6695151768993,20034438
2024-10-17,1351.0291748046875,1363.0062419523483,1346.6715786036464,1360.2671814831224,15543660
2024-10-18,1353.8927001953125,1362.9814005892638,1335.9891081789099,1346.796043723323,12082452
2024-10-21,1363.7532958984375,1368.5342502099143,1352.3239675798945,1361.686598848784,14067408
2024-10-22,1338.006103515625,1370.5262455038624,1334.8935348257999,1363.7532474009167,15831960
2024-10-23,1333.2003173828125,1352.0748848775756,1329.689315659354,1332.1793705575924,17214742
2024-10-24,1334.4703369140625,1338.3547254831988,1317.8616212723593,1329.9633130042932,22155934
2024-10-25,1322.5677490234375,1339.002111534351,1316.7410448137834,1338.1555171764887,18597496
2024-10-28,1329.0418701171875,1347.6177038778262,1316.8406011796387,1331.6813526124565,10824350
2024-10-29,1334.66943359375,1337.856655249044,1315.0478495098762,1322.8167478889227,12008361
2024-10-30,1338.553955078125,1344.62966480214,1320.0776988278842,1329.6893351932274,11984423
2024-10-31,1326.7510986328125,1337.6574904459744,1320.8745447599274,1334.6694245700712,9331650
2024-11-01,1333.3248291015625,1336.6116286385318,1327.6972806767253,1327.7471304089104,2127335
2024-11-04,1296.9700927734375,1334.6695017714562,1279.9878687625326,1332.5280301195805,19796890
2024-11-05,1300.1075439453125,1304.3406373759979,1281.0336986406933,1287.8564249120313,16267479
2024-11-06,1320.0777587890625,1323.0160966964434,1295.0277806900112,1304.7888451117578,21625209
2024-11-07,1300.4561767578125,1318.7331565363688,1297.4182609581876,1318.7331565363688,9611974
2024-11-08,1278.6431884765625,1296.4720058402277,1269.9279963447846,1292.4879180085577,19814406
2024-11-11,1267.6370849609375,1280.884225507143,1261.9598084895413,1273.8622221377802,9056552
2024-11-12,1269.1810302734375,1284.1712099692156,1262.4578817905294,1270.4759075040322,10671091
2024-11-13,1247.0693359375,1270.3761523895544,1244.5294313213271,1265.196886863478,14633633
2024-11-14,1262.5574951171875,1267.537605244334,1246.1231316976048,1248.613186761178,12612633
2024-11-18,1255.7347412109375,1267.8364328732807,1238.951794764919,1262.55746761959,13620611
2024-11-19,1236.710693359375,1276.4021442257297,1230.236550606767,1255.734688515481,14183746
2024-11-21,1218.1348876953125,1239.0014996478671,1212.407761281373,1236.7107220331202,19433843
2024-11-22,1260.3662109375,1263.8024380613526,1217.586994857739,1224.509420421979,20471957
2024-11-25,1281.8802490234375,1299.260783408558,1277.3483005192684,1284.868314871977,28923341
2024-11-26,1290.545654296875,1292.687125909721,1279.0914013187908,1289.7986377983043,9247557
2024-11-27,1288.0555419921875,1298.6632001168684,1280.8842325588682,1288.3543972122054,9572746
2024-11-28,1265.7447509765625,1291.442044503892,1264.0017125526565,1284.818474176107,15027412
2024-11-29,1287.0595703125,1294.3305794929802,1270.177046170391,1274.9081506356404,13202307
2024-12-02,1303.9422607421875,1306.133460567327,1271.9699779978703,1282.876370557777,11024152
2024-12-03,1318.035888671875,1321.5219654799555,1301.8006823317874,1311.7609017834461,16869482
2024-12-04,1303.742919921875,1323.1156203515295,1298.8625094957517,1320.7251432865569,19608540
2024-12-05,1316.7908935546875,1324.6593698468237,1300.9541199209712,1309.1214514378748,16858723
2024-12-06,1306.3326416015625,1318.6334884089777,1304.7887589399247,1318.6334884089777,9037514
2024-12-09,1289.9979248046875,1309.7689372979064,1287.9560310594236,1297.8166732313093,14650002
2024-12-10,1279.73876953125,1289.7488386952925,1275.107243177966,1284.121290398709,16043729
2024-12-11,1273.115234375,1284.8683422637005,1270.9738844056644,1279.8882324099652,11724373
2024-12-12,1257.876220703125,1273.1152845047754,1255.5853214463157,1264.9479526569407,20906813
2024-12-13,1267.78662109375,1270.1272485556606,1234.6688884780408,1254.9877622795104,28630222
2024-12-16,1263.2547607421875,1275.904191603511,1261.511722229068,1269.9280595585296,9486781
2024-12-17,1240.34619140625,1258.8721754853295,1237.8561365143116,1256.033537225462,17462791
2024-12-18,1248.2645263671875,1254.9378248920182,1235.714673937889,1235.714673937889,12670179
2024-12-19,1225.55517578125,1239.947766097918,1224.1109925687356,1234.0712121990753,14244653
2024-12-20,1200.50537109375,1234.5692750261348,1196.7204388413884,1219.1309339507777,20312896
2024-12-23,1217.437744140625,1222.3181546925216,1208.3738466363206,1210.1667348774333,10052824
2024-12-24,1217.8858642578125,1228.6429501715868,1216.1428258096823,1217.4377030050357,6734917
2024-12-26,1211.7105712890625,1222.8161189414398,1209.4196721335327,1219.3798917928577,10016178
2024-12-27,1216.1927490234375,1223.0154756156849,1212.1588111658666,1213.4536884394554,7000397
2024-12-30,1205.8837890625,1218.3340640862093,1203.294156174512,1211.5611874241417,8818766
2024-12-31,1210.6148681640625,1214.2503727116298,1201.3519366916562,1203.1945530395503,6405475
2025-01-01,1216.391845703125,1221.4218053468785,1206.7802092584152,1210.0172807004092,5892590
2025-01-02,1236.860107421875,1239.4994683243335,1215.1467802555553,1216.3918076943417,15486276
2025-01-03,1246.1729736328125,1257.0296379589822,1230.5852047154665,1238.9518139936486,15521102
2025-01-06,1213.15478515625,1256.9797527645217,1210.1667191829588,1248.961727102304,14816766
2025-01-07,1235.913818359375,1239.5493228115217,1216.3918123612464,1217.1388288273843,10070505
2025-01-08,1260.4658203125,1265.9937909556584,1240.395953024955,1244.0314575822304,19346579
2025-01-09,1249.758544921875,1264.6988742096441,1243.0852464738894,1261.9598138402198,12794704
2025-01-10,1236.959716796875,1251.750618829338,1231.0831628192257,1248.8621307808614,8120332
2025-01-13,1234.9178466796875,1240.2963897717905,1221.5213994754447,1225.1070543419412,13764861
2025-01-14,1233.822265625,1248.3641626627486,1222.3680125031533,1239.1509590647415,13095266
2025-01-15,1247.2186279296875,1251.9995818882041,1236.90982514039,1239.9974688456068,9578856
2025-01-16,1261.4119873046875,1269.9280238633037,1246.3223515830243,1253.8920943102864,14117603
2025-01-17,1297.169189453125,1320.7251333812799,1279.888232575373,1316.9900509904955,29366277
2025-01-20,1300.2568359375,1310.764916385877,1295.0775703121099,1310.764916385877,14040244
2025-01-21,1268.6331787109375,1307.776892128252,1265.1471016946018,1305.2868371165837,14562976
2025-01-22,1272.0196533203125,1277.7966294698952,1263.6530443254642,1273.2149526536994,10273590
2025-01-23,1258.6231689453125,1272.2686211078578,1256.581275301743,1264.9478840486133,8720682
2025-01-24,1241.34228515625,1267.9360243063209,1238.5533748820974,1260.9638702056575,14235970
2025-01-27,1224.4595947265625,1235.515414368934,1215.1468135462453,1234.1708090151494,9536019
2025-01-28,1229.4896240234375,1239.7984277662488,1213.6528493538253,1233.0752790316255,10568025
2025-01-29,1230.585205078125,1237.8063647194172,1223.1648896668228,1231.0832160878692,5928156
2025-01-30,1248.0654296875,1251.9996679975989,1227.497550840604,1230.635044492625,9269259
2025-01-31,1260.0673828125,1261.9598488917904,1244.0314532484974,1250.8541794958078,6584612
2025-02-01,1259.5693359375,1265.495739501575,1236.0632421918099,1260.0673469134033,7118453
2025-02-03,1240.94384765625,1251.003645649064,1232.6270881824535,1246.0235355947286,9252345
2025-02-04,1280.08740234375,1283.6731787459128,1241.6409781641657,1243.0852829885687,16691069
2025-02-05,1273.115234375,1285.366353249074,1271.6212014188793,1277.5476050956522,10112028
2025-02-06,1276.4520263671875,1282.8763195509282,1265.2965071593937,1268.6331564996678,9956001
2025-02-07,1261.6610107421875,1278.5933846345008,1256.979756005846,1271.073491533156,8764283
2025-02-10,1248.6629638671875,1261.461821832557,1240.5952102474196,1259.469777897567,6970972
2025-02-11,1229.937744140625,1259.5196705337273,1225.2066396338644,1259.5196705337273,8859714
2025-02-12,1211.7105712890625,1222.0193743195214,1188.6027887286011,1214.5989377224967,21131654
2025-02-13,1211.2623291015625,1223.1150152108587,1207.1786632211406,1212.2086229517822,8511216
2025-02-14,1212.40771484375,1219.1308629852126,1200.6546072366423,1214.1507532507958,10298145
2025-02-17,1220.02734375,1222.6169765728448,1199.7084711054922,1206.2821918357026,8166683
2025-02-18,1220.525390625,1225.0074896525716,1211.2623373341316,1219.9775298877432,6673250
2025-02-19,1222.567138671875,1227.8461038341088,1212.706618273488,1214.6488125132394,6217338
2025-02-20,1228.0950927734375,1234.4198079853766,1217.1388510698625,1219.0810452834291,7795582
2025-02-21,1223.264404296875,1235.0672403005465,1217.2882724889691,1223.8121434284387,6904025
2025-02-24,1209.718505859375,1218.3838481751116,1205.68456833515,1211.7105497558396,7172498
2025-02-25,1199.21044921875,1216.1428226711741,1196.7203942992758,1206.1826029932777,11552182
2025-02-27,1202.298095703125,1210.166693583284,1195.8738026303336,1207.975493883109,11509215
2025-02-28,1195.325927734375,1212.5073065135477,1188.5530513693543,1197.218393771922,23007298
2025-03-03,1166.5906982421875,1201.6506219268736,1151.4013636439433,1199.2104168056296,17944938
2025-03-04,1157.2779541015625,1169.3297956512124,1154.9373267832577,1157.576687742468,11377373
2025-03-05,1170.9234619140625,1178.2940491759787,1152.3974766666165,1156.3815647449799,8664095
2025-03-06,1204.7882080078125,1209.1208794668382,1180.4355183146993,1192.2383549047067,14468014
2025-03-07,1244.828369140625,1249.8084792402678,1207.178688153437,1211.1627762331514,16474965
2025-03-10,1233.4736328125,1252.9956391209716,1230.4855669004469,1240.0473535020744,11931051
2025-03-11,1242.3382568359375,1244.5294565449083,1224.858022557904,1235.0672477916657,10089838
2025-03-12,1252.0494384765625,1257.9757204337955,1239.0513034201438,1252.995610693361,11977555
2025-03-13,1242.9359130859375,1259.1212710412995,1238.901975238559,1255.0376050433522,9505270
2025-03-17,1233.9217529296875,1252.3980085038181,1228.1946267891797,1237.208673957254,16640917
2025-03-18,1233.9217529296875,1233.9217529296875,1233.9217529296875,1233.9217529296875,0
2025-03-19,1242.1888427734375,1248.2645525643281,1233.8720835165427,1236.113132982547,16162399
2025-03-20,1264.101318359375,1267.9359786597456,1245.0773228865291,1246.8700894970418,15971477
2025-03-21,1271.2725830078125,1275.9041093610767,1265.0474458622177,1269.927977701306,21780769
2025-03-24,1296.920166015625,1300.8046759652354,1279.141198398433,1285.86434660882,20299319
2025-03-25,1280.33642578125,1302.497915186312,1277.4977874103538,1302.497915186312,13713899
2025-03-26,1267.98583984375,1288.6532960847499,1263.7028966635362,1285.8643858858131,12074747
2025-03-27,1273.115234375,1279.8882324099652,1266.242780044616,1273.0655062272906,15028056
2025-03-28,1270.027587890625,1290.5954658598978,1263.9518781988888,1274.9081198538831,18147129
2025-04-01,1247.6170654296875,1272.8164693011493,1244.330265958221,1259.5693287834792,12099648
2025-04-02,1246.1729736328125,1250.5554948342144,1238.9518139936486,1242.5873186806543,10142590
2025-04-03,1243.732666015625,1246.8204315907722,1228.145018441354,1228.145018441354,7434366
2025-04-04,1199.9075927734375,1240.4954871764826,1188.4036122186155,1236.1628160172713,17908652
2025-04-07,1161.062744140625,1166.590714623955,1110.415052053189,1127.6960086529814,22156106
2025-04-08,1177.4971923828125,1191.8399338970503,1158.6724733291408,1167.3378163352843,19555040
2025-04-09,1180.6346435546875,1185.0670143686195,1163.3536863154889,1164.8477193030515,10223104
2025-04-11,1214.1009521484375,1217.786306450343,1190.3957018139643,1190.3957018139643,11224242
2025-04-15,1235.1668701171875,1246.0235343416643,1232.1788040875913,1246.0235343416643,13378535
2025-04-16,1234.3701171875,1235.9637280756608,1224.1110419207541,1229.1907298200806,8248464
2025-04-17,1269.4300537109375,1275.1073305428426,1222.7165970526498,1235.266450081142,15398401
2025-04-21,1290.346435546875,1295.7249783909904,1261.9598099867933,1264.947875835223,10429964
2025-04-22,1286.0635986328125,1298.713151385602,1281.1831879455033,1294.8286411452223,13051707
2025-04-23,1294.82861328125,1300.8047453425481,1280.286716249035,1291.840547250601,10480888
2025-04-24,1296.4222412109375,1299.3107293954529,1285.1672652984741,1287.2588872304611,10468940
2025-04-25,1295.22705078125,1319.928323767296,1282.9759313802824,1298.3146947064158,14431012
2025-04-28,1363.35498046875,1369.1318351951852,1314.9482133535364,1334.669497851195,31104496
2025-04-29,1394.1319580078125,1405.2874774645995,1364.5501529607263,1365.5461749701867,32538970
2025-04-30,1399.410888671875,1406.7814756764847,1363.5540972183608,1396.4228227174156,25480745
2025-05-02,1414.152099609375,1421.024554216323,1403.4945911426703,1408.3751233126775,13007841
2025-05-05,1425.6063232421875,1433.773654928142,1421.2238021682567,1425.3074680112338,12685649
2025-05-06,1415.2476806640625,1426.3035005201455,1404.9886054552057,1425.3074785225756,14084117
2025-05-07,1400.4068603515625,1418.733688530858,1397.1199392858432,1415.2476117092147,13440169
2025-05-08,1401.4029541015625,1415.1481063364454,1392.438756100913,1398.51446598441,16106175
2025-05-09,1371.721435546875,1389.251519832932,1369.032224808638,1379.9884666950659,13668904
2025-05-12,1430.7855224609375,1433.275577320772,1394.430721507353,1394.430721507353,10674081
2025-05-13,1410.0682373046875,1441.9409399606418,1406.7814377941193,1427.7974767909468,11407896
2025-05-14,1418.7337646484375,1424.2118856620737,1409.8691445094285,1414.3512435205853,5570160
2025-05-15,1448.4151611328125,1455.5865925696291,1407.0802476372012,1419.3313670179805,20177211
2025-05-16,1450.6064453125,1455.1881221330052,1441.542669553187,1447.4191020051853,9036695
2025-05-19,1435.0684814453125,1448.81351147394,1432.4787270944578,1446.3234565863577,6195791
2025-05-20,1418.932861328125,1439.2517336495314,1416.1440727881434,1432.4787356808251,11270560
2025-05-21,1423.5145263671875,1430.486680037078,1412.458707007589,1418.235682967954,6136364
2025-05-22,1403.79345703125,1418.1361984129633,1391.3431818014155,1415.5464438973825,12134466
2025-05-23,1421.124267578125,1428.0964217220903,1401.0045498118507,1401.0045498118507,6474883
2025-05-26,1429.0924072265625,1435.2676949623963,1419.430920923106,1426.3034970063507,4842944
2025-05-27,1416.44287109375,1431.2836233071982,1408.275539274527,1420.4269591196573,12640414
2025-05-28,1407.279541015625,1416.9409060075968,1405.0882196135674,1414.4508509493858,5944611
2025-05-29,1412.1600341796875,1414.3512339364067,1402.996558868143,1406.4826358531975,13771917
2025-05-30,1415.2476806640625,1424.9090454066043,1404.0921613404494,1412.3591925541664,13788484
2025-06-02,1408.0762939453125,1411.8612262898896,1390.0483195350275,1406.4826830156508,8098668
2025-06-03,1399.908935546875,1420.8253977642241,1397.8173136420837,1416.6421539546416,11252626
2025-06-04,1417.8372802734375,1420.0284799827916,1400.506473605418,1409.0722382665938,8126827
2025-06-05,1436.662109375,1448.913106617055,1417.9368477633755,1422.3193687346825,13716817
2025-06-06,1437.7576904296875,1445.7258660607492,1431.28354772945,1435.2676355449807,8182161
2025-06-09,1443.0367431640625,1451.70208605586,1439.5506661134996,1451.204075048637,7885125
2025-06-10,1432.777587890625,1448.1163503747662,1430.2875329933524,1444.2318404180787,7913181
2025-06-11,1443.13623046875,1462.7578142878924,1437.3592545136698,1440.0485867347081,8195700
2025-06-12,1435.865234375,1451.2039968882907,1428.6939248911115,1447.7179200254843,8828114
2025-06-13,1422.2198486328125,1429.7895915718395,1408.6739736495979,1418.335338487147,9757276
2025-06-16,1432.0804443359375,1436.6621211041454,1418.7337255535563,1421.223780491138,8458093
2025-06-17,1425.506591796875,1442.2398094911548,1420.12817043809,1442.2398094911548,10366599
2025-06-18,1424.4110107421875,1437.0605628519918,1420.028489708749,1424.3114328610282,6681735
2025-06-19,1427.598388671875,1434.1721095891817,1420.0285241646616,1424.4110453044384,10007230
2025-06-20,1460.367431640625,1465.148385952672,1422.4190171371765,1425.3075053013417,29010635
2025-06-23,1451.0048828125,1457.9770367383994,1436.2637087352834,1447.2199506188397,5989078
2025-06-24,1445.0286865234375,1469.1323689599471,1437.359244595668,1459.1721495093714,16402744
2025-06-25,1461.463134765625,1466.5428226679085,1454.690136506102,1458.1762135192969,7525851
2025-06-26,1489.3516845703125,1492.8377614283193,1459.2717484446844,1463.2558362824063,14657893
2025-06-27,1509.3717041015625,1515.9454247275912,1490.9452978220222,1493.4353527246628,11117052
2025-06-30,1494.630615234375,1518.734421010171,1490.0489382705405,1507.7781788170053,8409527
2025-07-01,1522.320068359375,1525.3081343971446,1494.132596769193,1494.630607775488,10368523
2025-07-02,1512.75830078125,1523.9136988316197,1502.6983810571346,1522.3200879079554,6361002
2025-07-03,1511.76220703125,1525.8060926058627,1506.9812529023668,1514.7502729656235,11283291
2025-07-04,1521.2244873046875,1523.913698138102,1511.1645675851503,1517.9375659885409,6603501
2025-07-07,1535.367919921875,1538.65484117058,1518.933556847784,1520.5271677380254,7251074
2025-07-08,1531.4833984375,1538.7544076502807,1524.1128113419518,1529.8897875590692,7171261
2025-07-09,1512.9573974609375,1544.8301010282516,1504.0927774643353,1530.586937987722,8870660
2025-07-10,1511.16455078125,1518.6347158851345,1501.5031858807802,1513.654605815878,10047129
2025-07-11,1489.2520751953125,1508.9733598189127,1484.3716645666439,1505.9852937598653,7234991
2025-07-14,1477.7977294921875,1494.0329360309418,1473.2160528053016,1486.263916129696,10311846
2025-07-15,1479.4910888671875,1490.5469086437597,1476.503022895967,1480.2878335086834,8132454
2025-07-16,1479.690185546875,1485.068728397248,1465.6463003598592,1467.1403332858122,10409983
2025-07-17,1470.52685546875,1483.674296790977,1468.0368005528198,1481.4830970988435,11854613
2025-07-18,1470.12841796875,1478.8934598804974,1463.2558421043927,1478.8934598804974,10296318
2025-07-21,1422.9169921875,1470.128458883213,1417.4388712363768,1459.1722169809668,22442744
2025-07-22,1407.179931640625,1426.2039275426996,1405.0881881707605,1421.721828538219,20396320
2025-07-23,1418.932861328125,1420.3273163904719,1408.7734859597779,1420.3273163904719,8354596
2025-07-24,1397.3192138671875,1417.3392306864348,1390.4466381154343,1413.554298653669,14740507
2025-07-25,1386.1636962890625,1395.4267490386208,1378.593953801798,1393.3351272649268,11854722
2025-07-28,1382.080078125,1402.199795115413,1379.490445288333,1386.7614543919697,7748361
2025-07-29,1411.4627685546875,1414.550412474214,1377.4984422704579,1377.4984422704579,10750072
2025-07-30,1404.4906005859375,1417.6381639620695,1395.7256799199,1412.458776601272,7209849
2025-07-31,1384.669677734375,1397.0203743336986,1376.7015020683227,1382.5780559389787,17065827
2025-08-01,1388.15576171875,1400.3073026227253,1378.7932525308158,1381.3828853186424,10321171
2025-08-04,1405.885009765625,1410.466686507784,1386.1637261382157,1389.5502251510159,6312820
2025-08-05,1386.1636962890625,1405.38696851784,1382.5780415934858,1405.38696851784,9315972
2025-08-06,1387.259521484375,1390.3471654369864,1377.797312271222,1386.3630773472378,5834312
2025-08-07,1383.8729248046875,1388.1557462486337,1360.5659868045632,1382.1796145349972,9976705
2025-08-08,1362.35888671875,1391.6418351007062,1359.569976594415,1379.4904158119157,8793606
2025-08-11,1380.6856689453125,1382.4785572067015,1355.7851185633474,1364.5501609316866,9997486
2025-08-12,1374.9088134765625,1396.3232867936674,1369.7294260490362,1376.4028464986861,12244664
2025-08-13,1377.0999755859375,1386.2634508216695,1372.0202877666845,1382.4785186353236,7457021
2025-08-14,1373.800048828125,1380.699951171875,1370.0999755859375,1377.300048828125,7126128
2025-08-18,1381.699951171875,1394.9000244140625,1377.0,1390.0,11785109
2025-08-19,1420.0999755859375,1421.0,1389.0999755859375,1390.0,14384719
2025-08-20,1413.0,1424.9000244140625,1410.0,1413.0,8725641
2025-08-21,1424.800048828125,1431.9000244140625,1420.300048828125,1425.0,11021323
2025-08-22,1409.199951171875,1423.4000244140625,1407.9000244140625,1420.0,5818868
2025-08-25,1412.5999755859375,1419.5,1405.699951171875,1414.699951171875,5979407
2025-08-26,1384.9000244140625,1410.0,1381.5999755859375,1408.0,12145259
2025-08-28,1385.9000244140625,1392.199951171875,1366.5,1389.9000244140625,13161813
2025-08-29,1357.199951171875,1403.5,1350.0,1381.0999755859375,18758842
2025-09-01,1353.9000244140625,1363.199951171875,1340.5999755859375,1356.0,11232238
2025-09-02,1366.5,1384.5,1354.5,1354.800048828125,11517006
2025-09-03,1372.5999755859375,1376.5,1360.5,1369.699951171875,7847563
2025-09-04,1359.300048828125,1374.0,1357.0999755859375,1371.800048828125,13223177
2025-09-05,1375.0,1381.0,1359.300048828125,1363.0,5777575
2025-09-08,1378.5,1386.0,1372.4000244140625,1380.0,6986720
2025-09-09,1376.199951171875,1381.199951171875,1368.699951171875,1376.5999755859375,9754452
2025-09-10,1377.0,1388.5,1374.0999755859375,1383.9000244140625,7790815
2025-09-11,1383.300048828125,1385.5,1375.0,1376.0,9766072
2025-09-12,1395.0,1396.300048828125,1380.5,1383.300048828125,7403368
2025-09-15,1399.300048828125,1400.800048828125,1388.5999755859375,1393.0,5396697
2025-09-16,1405.300048828125,1408.0,1398.199951171875,1404.699951171875,8686961
2025-09-17,1413.800048828125,1416.199951171875,1406.9000244140625,1407.0,7519417
2025-09-18,1415.0,1422.0,1410.699951171875,1420.4000244140625,9332642
2025-09-19,1407.4000244140625,1417.0,1403.5999755859375,1414.9000244140625,13461373
2025-09-22,1390.5999755859375,1410.699951171875,1388.0,1403.9000244140625,7757970
2025-09-23,1389.800048828125,1395.0,1376.800048828125,1391.0,14014702
2025-09-24,1383.0,1396.0,1380.4000244140625,1385.300048828125,5922759
2025-09-25,1372.4000244140625,1384.5,1369.0,1381.300048828125,11411143
2025-09-26,1377.5999755859375,1382.699951171875,1366.0,1372.0,9879109
2025-09-29,1372.800048828125,1389.0,1368.0,1381.5999755859375,14231999
2025-09-30,1364.0,1377.0999755859375,1362.800048828125,1377.0999755859375,14604684
2025-10-01,1368.699951171875,1378.5999755859375,1362.699951171875,1367.0,12045916
2025-10-03,1363.4000244140625,1371.5999755859375,1356.9000244140625,1363.199951171875,12842347
2025-10-06,1375.0,1377.4000244140625,1359.0,1360.0,12396580
2025-10-07,1384.800048828125,1395.9000244140625,1375.9000244140625,1376.0,11244040
2025-10-08,1367.4000244140625,1389.0,1364.5,1384.800048828125,8525081
2025-10-09,1377.800048828125,1380.0,1369.0999755859375,1374.0,8826633
2025-10-10,1381.699951171875,1388.0,1375.0999755859375,1377.800048828125,6373084
2025-10-13,1375.0,1377.699951171875,1367.800048828125,1376.9000244140625,7600682
2025-10-14,1375.9000244140625,1388.0,1370.0999755859375,1380.0,9768174
2025-10-15,1374.300048828125,1384.0,1372.699951171875,1383.0,10882743
2025-10-16,1398.300048828125,1400.5,1375.0,1375.0999755859375,12315932
2025-10-17,1416.800048828125,1423.300048828125,1399.0999755859375,1401.0,19335561
2025-10-20,1466.800048828125,1473.800048828125,1433.300048828125,1440.0,24721978
2025-10-21,1465.199951171875,1474.0,1460.0,1468.0,2066169
2025-10-23,1448.4000244140625,1482.9000244140625,1444.5999755859375,1475.0,18707090
2025-10-24,1451.5999755859375,1459.800048828125,1441.0,1450.0,9700837
2025-10-27,1484.0999755859375,1485.0,1458.0,1463.0,14113867
2025-10-28,1486.9000244140625,1492.0,1477.5999755859375,1484.0999755859375,17631577
2025-10-29,1504.199951171875,1508.300048828125,1488.0999755859375,1490.0,11884745
2025-10-30,1488.5,1503.0999755859375,1484.0,1500.0,9318663
2025-10-31,1486.4000244140625,1497.5,1482.300048828125,1490.4000244140625,8758053
2025-11-03,1484.699951171875,1495.0,1479.300048828125,1486.0,8452085
2025-11-04,1473.0999755859375,1492.800048828125,1470.0999755859375,1483.9000244140625,10007806
2025-11-06,1496.0999755859375,1501.5999755859375,1476.199951171875,1484.0,16772678
2025-11-07,1478.0,1498.4000244140625,1475.9000244140625,1494.5999755859375,7821765
2025-11-10,1489.300048828125,1501.0,1475.5,1477.9000244140625,7068438
2025-11-11,1493.4000244140625,1498.800048828125,1480.199951171875,1497.0,7127506
2025-11-12,1511.5,1524.699951171875,1500.0,1505.0,12384459
2025-11-13,1510.9000244140625,1522.0999755859375,1506.800048828125,1515.0,7196443
2025-11-14,1518.9000244140625,1520.9000244140625,1505.5,1505.5,7682823
2025-11-17,1518.300048828125,1523.699951171875,1511.5,1520.9000244140625,5871416
2025-11-18,1519.4000244140625,1527.800048828125,1510.5,1521.699951171875,11045042
2025-11-19,1518.9000244140625,1522.300048828125,1512.0,1517.4000244140625,5692366
2025-11-20,1549.0999755859375,1550.9000244140625,1526.699951171875,1530.0,18171724
2025-11-21,1546.5999755859375,1557.800048828125,1540.0999755859375,1541.0,9615271
2025-11-24,1535.9000244140625,1550.0,1531.800048828125,1550.0,18433951
2025-11-25,1539.699951171875,1559.5999755859375,1525.0999755859375,1535.9000244140625,15033482
2025-11-26,1569.9000244140625,1571.5999755859375,1540.5,1542.300048828125,14054299
2025-11-27,1563.4000244140625,1575.5,1556.0,1575.0,9794643
2025-11-28,1567.5,1581.300048828125,1563.0,1568.0,8959508
2025-12-01,1566.0999755859375,1577.5,1563.5999755859375,1575.0,8920233
2025-12-02,1546.300048828125,1567.5,1542.0,1561.0999755859375,11389150
2025-12-03,1538.800048828125,1552.4000244140625,1533.0,1545.199951171875,6090883
2025-12-04,1535.5999755859375,1560.5,1517.5999755859375,1536.0,11867930
2025-12-05,1540.5999755859375,1545.800048828125,1520.5999755859375,1530.4000244140625,10183266
2025-12-08,1543.0,1551.0,1535.0,1539.199951171875,11301491
2025-12-09,1529.4000244140625,1542.5,1520.0999755859375,1540.300048828125,11503971
2025-12-10,1536.9000244140625,1547.5,1531.4000244140625,1534.0,7991629
2025-12-11,1545.0,1550.0,1524.0,1536.9000244140625,4706197
2025-12-12,1556.5,1559.800048828125,1546.0999755859375,1550.800048828125,5106655
2025-12-15,1556.199951171875,1558.5999755859375,1546.5,1551.199951171875,5774543
2025-12-16,1542.300048828125,1551.699951171875,1538.800048828125,1545.0,11731856
2025-12-17,1544.4000244140625,1550.0,1539.300048828125,1550.0,7116649
2025-12-18,1544.4000244140625,1551.5,1535.199951171875,1535.199951171875,6580829
2025-12-19,1565.0999755859375,1574.199951171875,1551.0,1554.4000244140625,13937275
2025-12-22,1575.4000244140625,1577.5,1565.300048828125,1573.5,10184852
2025-12-23,1570.699951171875,1580.9000244140625,1568.0999755859375,1580.9000244140625,7506564
2025-12-24,1558.199951171875,1575.699951171875,1553.5999755859375,1572.699951171875,8815745
2025-12-26,1559.199951171875,1561.0,1554.300048828125,1554.699951171875,2311495
2025-12-29,1545.5999755859375,1558.0999755859375,1543.5999755859375,1554.9000244140625,5972105
2025-12-30,1539.800048828125,1553.5999755859375,1537.800048828125,1547.0,8815884
2025-12-31,1570.4000244140625,1577.0,1541.0,1541.0,5771830
2026-01-01,1575.5999755859375,1592.5,1571.0999755859375,1573.699951171875,6408128
2026-01-02,1592.300048828125,1594.5999755859375,1578.199951171875,1580.0,6602230
2026-01-05,1578.0999755859375,1611.800048828125,1575.300048828125,1593.0,8704973
2026-01-06,1507.5999755859375,1569.0,1496.300048828125,1569.0,27417125
2026-01-07,1504.199951171875,1520.0,1498.0,1510.0,11199340
2026-01-08,1470.5999755859375,1503.9000244140625,1468.800048828125,1500.0,16518684
2026-01-09,1475.300048828125,1479.9000244140625,1465.0,1465.0,8335311
2026-01-12,1483.199951171875,1485.300048828125,1451.0,1475.300048828125,8883745
2026-01-13,1452.800048828125,1485.800048828125,1444.699951171875,1485.0,13499760
2026-01-14,1458.800048828125,1467.0,1440.199951171875,1444.0,8321764
2026-01-15,1458.800048828125,1458.800048828125,1458.800048828125,1458.800048828125,0
2026-01-16,1457.9000244140625,1480.0,1455.0999755859375,1458.800048828125,17167161
2026-01-19,1413.5999755859375,1450.5999755859375,1403.300048828125,1450.5999755859375,20392765
2026-01-20,1394.0,1416.0,1390.0,1410.699951171875,13189498
2026-01-21,1404.5999755859375,1412.9000244140625,1373.0,1389.5,17352720
2026-01-22,1402.5,1419.5,1395.0,1410.0999755859375,15721693
2026-01-23,1386.0999755859375,1407.0,1381.0,1401.800048828125,9837802
2026-01-27,1380.5,1391.5999755859375,1368.0,1380.0,26302396
2026-01-28,1396.699951171875,1409.9000244140625,1384.9000244140625,1385.0,11121657
2026-01-29,1391.0,1402.9000244140625,1384.0,1402.9000244140625,20846683
2026-01-30,1395.4000244140625,1398.0,1378.5,1382.5999755859375,11239835
2026-02-02,1390.4000244140625,1392.9000244140625,1335.5,1340.0,15711165
2026-02-03,1437.0999755859375,1489.5,1430.199951171875,1473.9000244140625,25456171
2026-02-04,1456.800048828125,1464.0,1440.300048828125,1444.0,8333387
2026-02-05,1443.4000244140625,1461.5,1439.5,1457.0,11763658
2026-02-06,1450.800048828125,1452.800048828125,1433.5,1441.5,8277304
2026-02-09,1461.5999755859375,1465.9000244140625,1453.0,1458.0,5775864
2026-02-10,1458.5,1471.0,1452.199951171875,1471.0,10259630
2026-02-11,1468.699951171875,1470.0,1453.5999755859375,1459.5999755859375,7106877
2026-02-12,1448.9000244140625,1473.0,1445.5,1470.0,11135399
2026-02-13,1419.5999755859375,1450.699951171875,1416.300048828125,1445.5,10755693
2026-02-16,1437.0999755859375,1439.5999755859375,1409.300048828125,1420.0999755859375,5896514
2026-02-17,1423.0,1431.800048828125,1418.5999755859375,1431.0999755859375,10731630
2026-02-18,1441.300048828125,1442.0999755859375,1419.199951171875,1427.0,5521096
2026-02-19,1409.5,1443.0,1400.0,1443.0,11884664
2026-02-20,1419.4000244140625,1427.4000244140625,1406.0999755859375,1409.5,8177670
2026-02-23,1428.0,1434.9000244140625,1418.300048828125,1425.0,7758856
2026-02-24,1428.800048828125,1433.300048828125,1415.0,1425.300048828125,12529409
2026-02-25,1398.5,1440.5,1393.5,1435.0,10728792
2026-02-26,1406.800048828125,1412.9000244140625,1391.9000244140625,1398.5,16683858
2026-02-27,1393.9000244140625,1410.4000244140625,1388.0999755859375,1398.0,12031440
2026-03-02,1358.0,1378.5999755859375,1341.5,1375.5,23728722
2026-03-04,1345.0,1352.800048828125,1307.0,1330.0,32495007
2026-03-05,1389.4000244140625,1399.0,1353.0999755859375,1353.0999755859375,25957532
2026-03-06,1404.800048828125,1424.300048828125,1390.300048828125,1396.5,19311971
2026-03-09,1424.0,1429.4000244140625,1370.0,1375.0,24870822
2026-03-10,1408.800048828125,1431.5,1400.5999755859375,1430.5999755859375,18071259
2026-03-11,1390.199951171875,1434.0,1383.5999755859375,1424.9000244140625,21848087
2026-03-12,1392.199951171875,1410.9000244140625,1381.0999755859375,1390.0,20939959
2026-03-13,1380.699951171875,1400.800048828125,1378.4000244140625,1385.199951171875,17265090
2026-03-16,1395.0999755859375,1397.300048828125,1363.5,1380.0,22837802
2026-03-17,1397.5999755859375,1405.9000244140625,1388.199951171875,1399.0,19007744
2026-03-18,1408.0999755859375,1412.9000244140625,1397.199951171875,1397.199951171875,9559327
2026-03-19,1384.800048828125,1415.699951171875,1376.0999755859375,1388.0,16498373
2026-03-20,1414.4000244140625,1430.0,1396.0999755859375,1398.0,22994918
2026-03-23,1407.800048828125,1415.5999755859375,1391.0,1400.0,18979554
2026-03-24,1411.800048828125,1422.4000244140625,1406.5999755859375,1420.0,18620893
2026-03-25,1413.0999755859375,1430.5,1408.4000244140625,1420.0,19041331
2026-03-27,1348.0999755859375,1404.699951171875,1345.0,1401.0,23266517
2026-03-30,1343.9000244140625,1365.0,1334.0999755859375,1335.0,24393861
2026-04-01,1369.199951171875,1384.4000244140625,1362.9000244140625,1384.199951171875,14404619
2026-04-02,1350.5,1358.199951171875,1328.0,1357.0,21280051
2026-04-06,1304.699951171875,1359.0,1290.0,1359.0,29274881
2026-04-07,1304.5999755859375,1308.300048828125,1291.0,1295.0,28388922
2026-04-08,1347.800048828125,1350.5999755859375,1326.199951171875,1349.0,21817543
2026-04-09,1330.0,1350.0,1326.300048828125,1346.0,20725390
2026-04-10,1350.199951171875,1352.300048828125,1331.5,1337.0,19364461
2026-04-13,1315.0999755859375,1327.5999755859375,1310.0,1321.199951171875,28753269
2026-04-15,1344.0999755859375,1347.0,1334.199951171875,1337.0,15313779
2026-04-16,1343.300048828125,1353.800048828125,1330.0,1352.0,30211012
2026-04-17,1365.0,1368.4000244140625,1340.0,1340.0,13869105
